TV_Ad_Spend,Radio_Ad_Spend,Newspaper_Ad_Spend,Market_Confidence,Sales,Online_Ad_Spend,Post_Sales_Traffic,Customer_Satisfaction
121.2,109.1,108.8,109.9,380.7,117.8,62.4,21.8
141.4,97.2,96.6,97.2,362.3,139.9,64.3,21.0
116.9,113.0,112.0,113.0,385.2,113.9,56.0,46.6
149.8,130.9,129.9,130.5,448.0,150.4,75.1,35.5
53.0,94.0,95.1,95.3,307.9,59.0,29.5,45.2
158.3,95.9,96.2,95.3,370.4,154.4,77.8,18.6
165.9,128.9,131.3,131.6,458.1,170.9,87.3,27.1
116.8,114.7,113.8,115.3,393.9,112.9,56.3,11.4
178.3,90.1,91.8,90.6,369.2,174.1,85.9,15.4
202.3,111.5,110.0,110.9,434.1,206.4,,45.7
65.0,90.8,90.7,,301.6,69.6,33.0,
,89.3,,90.7,327.9,111.5,58.1,40.6
114.0,103.9,105.0,104.8,364.2,107.4,51.8,10.8
83.9,61.9,62.8,,245.4,81.6,43.3,6.7
174.2,65.4,66.0,65.5,307.7,178.3,89.2,17.0
134.7,,87.9,88.8,,134.9,65.9,21.5
126.6,79.3,81.9,79.7,311.9,121.2,62.5,29.8
52.9,107.0,106.5,106.3,330.3,55.2,25.4,26.0
172.7,81.3,81.7,81.8,,169.1,86.5,18.3
73.9,71.7,72.7,71.8,264.9,82.9,42.1,16.9
167.7,131.5,129.6,129.3,450.4,175.4,85.9,
161.6,94.1,95.9,95.5,369.8,164.6,83.9,14.3
218.7,99.5,103.8,101.4,415.3,,,16.9
,72.3,71.2,71.5,258.5,70.6,38.8,28.2
0.0,88.4,88.8,89.1,252.9,3.8,4.8,0.0
160.3,101.9,102.3,102.2,386.0,167.7,85.3,40.5
228.5,76.2,78.1,77.0,365.5,229.7,111.5,19.8
215.7,107.3,106.0,107.5,432.0,214.4,114.6,18.9
154.5,89.6,86.0,88.0,346.6,146.0,68.8,29.7
122.5,95.0,93.6,94.2,345.2,122.1,63.9,
184.3,88.8,86.3,88.0,366.7,188.4,95.5,34.5
119.8,135.6,136.6,137.0,446.5,,58.7,32.3
173.7,98.6,100.2,99.7,391.1,176.2,87.7,35.4
164.7,76.0,78.0,78.8,334.8,162.0,80.8,4.6
211.2,115.6,115.0,116.5,449.4,201.3,104.6,22.3
275.8,76.5,75.7,75.6,397.3,273.3,134.5,15.8
171.7,,105.0,104.2,394.9,170.2,84.3,37.0
105.0,60.6,59.1,60.8,252.9,103.4,44.7,13.8
135.4,73.4,74.3,73.4,303.7,138.5,74.5,28.6
63.5,103.2,104.8,103.9,336.7,73.4,33.5,27.2
122.6,115.0,115.7,114.8,393.0,123.2,62.6,16.0
131.2,104.2,104.6,103.4,371.7,130.1,64.8,17.7
122.6,96.1,99.9,97.7,349.9,121.3,60.4,35.4
154.6,94.3,93.6,94.0,365.6,155.2,80.0,15.5
94.1,71.4,70.5,70.4,274.2,90.0,50.0,20.0
,85.2,85.2,85.6,371.9,199.5,100.5,15.8
145.4,91.5,90.8,90.8,349.5,147.7,75.8,19.3
160.1,124.0,122.7,121.1,430.3,161.1,81.6,26.1
137.0,106.8,105.5,106.9,,139.3,72.7,
140.1,65.1,63.9,64.7,286.5,142.3,69.7,9.7
194.5,105.7,107.9,106.5,414.6,185.6,96.0,28.6
102.8,92.5,93.3,92.3,326.3,106.0,56.3,12.9
110.3,86.9,86.1,86.5,318.7,106.9,56.7,12.8
140.9,,113.1,112.2,397.4,135.4,65.7,15.5
93.0,119.6,121.0,120.6,387.9,87.5,43.2,23.6
118.3,118.8,120.1,118.6,400.8,120.5,61.0,34.5
117.8,84.7,83.3,83.2,,116.7,54.2,35.9
190.6,94.3,94.8,93.8,384.5,182.2,95.9,17.0
166.4,107.6,109.3,106.6,401.2,168.8,84.4,46.6
169.4,119.3,120.1,119.5,430.5,162.2,82.0,16.5
187.8,91.2,90.5,90.4,375.6,188.5,92.5,34.6
141.3,96.6,97.0,96.3,361.5,142.5,67.3,
158.5,76.9,77.5,77.9,324.8,162.9,79.7,12.5
132.9,76.4,78.5,76.1,310.7,141.8,71.6,13.1
171.4,115.3,116.4,116.3,424.0,164.6,84.3,25.7
134.4,126.5,126.9,,429.4,134.1,67.6,32.3
27.3,98.7,97.7,98.6,300.4,25.9,14.0,26.7
153.3,120.4,121.2,120.1,426.2,155.5,76.7,16.9
224.8,106.0,108.1,107.2,436.6,225.9,114.4,16.9
189.9,88.2,86.6,87.1,368.2,188.1,98.5,14.2
201.9,107.8,107.8,107.2,425.2,,102.0,25.1
227.2,130.1,129.3,130.8,494.7,221.6,113.2,27.6
154.1,97.7,99.5,99.3,,159.0,80.4,14.2
175.5,131.1,,131.3,462.2,177.8,84.4,30.8
92.9,47.2,49.3,47.6,213.4,97.5,45.6,38.3
142.4,116.6,115.7,116.4,409.4,140.8,71.8,20.4
,101.4,,101.7,397.7,178.4,89.2,20.5
207.2,92.0,93.1,94.0,396.9,201.8,102.2,30.4
143.9,,100.5,101.8,376.2,145.7,77.9,18.2
107.6,59.9,61.6,60.2,258.8,102.4,53.4,24.6
147.8,96.2,,95.6,362.2,157.0,82.3,15.9
183.6,106.4,107.5,107.1,414.0,177.1,88.8,44.0
92.6,131.2,130.8,129.6,409.5,94.0,44.6,
30.0,87.7,89.8,89.6,279.6,37.8,18.7,12.8
114.4,85.1,83.7,83.8,313.1,117.4,56.3,14.8
83.9,89.7,89.6,90.0,312.2,84.8,47.1,
133.7,119.2,,118.3,404.5,128.9,66.8,39.0
145.9,106.7,105.0,106.6,387.4,139.0,71.1,11.7
122.0,90.5,89.7,89.4,334.6,125.9,66.6,15.1
227.8,109.9,110.2,110.3,444.6,235.3,,21.6
167.3,100.8,102.7,101.9,387.6,165.1,84.3,24.2
174.7,120.8,119.5,119.4,437.5,169.0,80.6,24.2
174.1,85.8,85.8,86.0,356.2,161.8,80.9,7.9
89.8,93.7,92.6,93.4,322.5,84.9,41.5,17.1
198.0,93.4,92.2,92.2,385.8,197.4,100.7,23.3
131.6,69.7,71.5,70.7,300.2,139.6,70.5,13.7
186.5,106.5,104.8,105.9,413.2,189.9,99.0,32.5
,,105.3,105.2,358.8,100.5,48.5,32.1
72.4,,100.3,100.1,329.5,70.4,37.3,20.7
,95.4,94.6,95.3,,185.6,93.3,26.7
154.7,70.2,71.1,71.7,306.0,161.7,76.0,0.0
100.7,90.8,91.8,91.6,324.1,101.7,48.1,17.0
,94.5,92.0,93.1,330.1,92.6,45.8,31.6
198.2,84.8,,84.0,362.8,194.8,100.8,18.9
88.9,96.7,95.9,96.8,328.4,84.6,43.7,14.0
236.2,,109.1,108.1,441.9,233.5,113.2,49.9
123.8,137.4,140.1,137.7,447.9,126.6,,
183.7,104.8,102.6,103.5,405.4,183.2,97.6,29.9
136.1,105.0,105.7,105.2,381.0,135.7,68.2,
179.4,,97.8,98.5,390.0,186.0,92.0,
103.6,62.8,62.7,61.6,255.5,,51.5,9.9
141.6,98.7,98.2,99.5,364.6,150.9,77.8,18.5
152.6,102.8,101.7,101.2,376.4,149.2,73.3,21.5
124.5,147.7,148.4,149.3,472.4,124.9,64.0,23.7
185.1,97.8,95.9,96.2,385.7,183.7,90.9,0.0
127.4,105.7,105.0,106.0,,128.0,66.2,27.6
138.2,99.1,100.1,99.3,364.2,140.4,70.7,28.6
88.6,74.7,75.8,76.6,283.3,90.8,46.8,35.2
33.3,122.4,123.4,122.9,358.1,29.5,12.5,15.0
148.0,114.0,114.7,,408.8,142.4,68.7,16.7
278.5,115.2,115.7,115.8,491.4,291.0,148.3,2.8
180.1,81.7,82.0,,347.9,177.7,88.6,19.5
163.1,129.0,127.3,128.1,449.9,166.6,84.2,36.5
122.8,72.2,72.2,72.0,292.9,114.8,56.5,13.5
157.0,112.0,113.3,111.7,406.3,155.6,80.5,46.7
199.3,142.7,143.0,143.8,508.9,198.7,97.5,27.9
81.1,79.3,81.4,80.2,288.6,83.5,41.3,20.9
200.1,90.5,90.2,88.7,377.1,186.5,95.6,10.2
186.8,,101.2,102.0,401.1,187.6,97.3,27.9
180.9,91.6,88.5,89.9,370.8,175.2,86.0,3.7
156.4,68.7,69.3,69.0,305.4,158.0,84.9,27.2
151.7,101.4,100.8,101.4,380.4,146.5,74.2,31.3
173.0,,80.6,78.8,339.9,168.7,81.2,35.6
184.3,110.7,109.5,109.5,421.9,182.9,92.6,15.9
123.1,81.5,80.8,81.6,312.5,117.8,57.8,22.2
,130.6,129.9,131.0,439.5,134.4,68.5,32.6
147.3,84.3,85.4,84.3,334.8,141.3,70.5,26.2
,93.9,93.0,93.6,405.7,215.0,107.7,
96.2,117.2,116.3,116.3,378.0,101.3,47.9,0.0
64.3,75.4,76.3,75.4,266.5,57.8,31.9,21.8
160.5,,104.1,104.5,390.9,159.6,76.3,23.0
165.6,127.8,126.1,,444.8,,81.4,21.6
142.6,68.2,67.8,67.9,292.2,139.5,70.9,27.2
164.0,104.0,104.4,103.7,391.3,159.9,84.7,24.1
141.4,103.7,105.8,105.2,383.8,142.5,70.2,11.0
232.3,113.0,115.4,115.6,460.3,237.9,121.0,8.7
57.6,75.6,,75.3,262.8,,29.1,6.9
95.4,73.5,73.2,73.6,283.4,94.6,49.8,43.1
150.1,109.9,109.0,110.4,399.9,141.4,69.8,
70.8,106.2,,105.9,340.4,68.8,,23.9
143.7,104.9,106.9,105.0,384.0,,65.3,22.4
236.5,108.1,106.0,106.9,442.4,232.2,115.3,24.6
144.2,86.5,85.6,86.4,338.6,141.9,74.5,33.6
163.9,103.9,103.8,104.6,390.9,156.9,75.1,19.6
89.9,106.9,106.6,105.9,354.9,90.3,47.2,28.5
112.0,85.5,86.2,85.7,317.8,117.3,55.8,17.4
149.9,137.8,137.2,137.3,463.1,144.4,72.5,47.6
138.9,109.0,108.6,109.5,388.3,135.8,70.0,31.8
202.2,75.5,76.3,76.2,351.0,204.7,100.4,35.0
184.5,113.2,111.6,113.1,425.0,190.6,95.8,20.4
84.7,80.5,80.6,80.5,289.7,77.2,37.4,30.1
170.2,116.2,116.6,115.7,426.1,169.4,86.8,23.2
186.5,122.9,121.9,123.2,452.8,187.9,94.7,
198.8,81.7,,83.6,365.0,198.3,,39.6
238.7,118.8,120.8,119.3,469.9,226.3,117.8,18.1
103.4,109.0,107.6,108.3,,105.9,54.9,25.7
117.7,116.1,,116.4,397.7,125.3,60.6,29.3
106.1,137.7,137.8,137.9,439.2,106.7,53.1,32.2
135.8,96.1,94.9,95.1,353.8,130.6,65.1,18.2
165.8,84.2,85.4,,348.6,163.2,,43.3
190.5,80.7,81.3,82.2,355.9,199.3,107.2,9.8
138.0,83.5,83.8,83.7,,142.5,72.4,36.2
133.2,98.0,98.1,98.5,361.7,136.4,62.1,35.2
161.0,,105.5,106.8,395.7,162.8,79.8,43.8
111.0,105.4,105.9,105.5,363.6,107.7,48.1,7.3
262.7,117.0,116.3,116.5,483.9,261.7,129.9,20.5
69.7,100.3,100.1,100.3,330.6,69.3,28.7,36.4
173.8,129.4,127.9,129.1,460.7,176.5,85.7,9.3
248.5,96.5,96.3,94.7,423.8,256.0,123.5,10.1
177.5,154.1,155.3,154.4,518.8,183.1,92.7,26.1
146.8,112.8,113.5,112.5,396.1,139.7,69.9,26.7
123.6,82.3,82.6,82.9,319.3,124.7,63.3,36.9
130.3,77.7,76.9,78.6,312.5,134.0,66.7,18.8
223.5,109.1,111.6,109.6,442.0,226.6,109.1,21.0
37.2,95.1,95.5,95.5,296.8,34.1,18.6,23.0
233.8,114.6,113.5,114.3,456.3,248.4,130.0,
83.5,111.8,109.9,109.5,359.2,77.1,39.8,27.4
135.9,97.8,99.7,98.5,364.2,130.5,64.0,21.4
120.1,82.6,83.0,83.1,318.5,121.3,,1.4
164.3,69.6,71.0,69.7,314.3,174.9,84.7,11.5
65.6,91.5,92.2,91.1,304.8,61.4,32.1,34.4
181.7,,116.1,117.1,433.5,180.4,93.4,28.5
253.4,105.6,103.6,104.3,447.3,258.8,,24.1
69.4,72.7,76.0,75.1,267.6,69.3,37.1,29.6
161.2,101.1,100.8,103.5,389.2,159.5,81.9,13.2
120.8,107.2,107.6,107.7,377.4,123.6,63.3,21.6
162.5,83.4,80.9,82.3,342.5,,80.0,23.5
152.5,101.5,102.6,103.1,387.4,157.7,79.3,20.0
118.5,98.2,100.9,101.2,362.3,125.0,59.9,24.1
163.0,77.7,,77.1,329.4,164.5,82.3,19.6
243.8,107.4,,107.2,440.5,245.3,123.6,13.0
146.1,110.1,110.1,111.2,401.1,147.2,78.6,26.9
196.8,120.7,124.0,121.7,452.7,199.2,95.7,14.4
95.9,120.1,122.9,121.1,390.3,96.2,49.5,26.2
88.4,72.6,71.3,72.4,272.5,88.4,48.6,32.4
,80.6,82.8,81.2,338.5,170.2,87.4,19.1
229.4,110.8,109.9,110.3,448.2,237.0,121.0,15.7
172.9,107.4,110.4,110.3,408.9,165.4,84.4,24.2
139.5,109.4,110.2,110.3,390.5,139.6,,16.2
188.5,175.9,176.4,177.1,579.5,185.1,89.3,39.9
93.2,111.2,112.4,111.4,369.0,,41.7,22.0
191.6,122.2,122.8,122.7,454.4,193.6,96.8,44.8
203.7,119.9,118.6,119.1,450.7,207.0,97.0,39.2
133.9,111.2,111.7,113.0,393.4,133.3,70.4,23.1
123.3,93.7,92.8,93.7,343.1,113.7,60.5,29.3
170.9,115.7,113.5,115.2,423.8,166.1,81.7,22.3
120.4,86.4,84.6,84.5,324.5,124.9,61.3,21.6
144.3,94.8,94.1,95.3,356.2,130.6,65.1,19.2
250.1,90.6,90.0,,411.9,256.0,128.2,33.3
138.5,99.8,103.0,101.6,368.8,141.1,,37.8
155.2,143.9,147.5,146.3,483.0,161.8,82.6,37.1
99.0,63.5,62.6,62.7,258.8,98.0,48.5,27.2
194.1,113.7,113.6,113.7,434.8,183.8,94.7,36.0
124.8,68.9,69.6,67.7,285.4,127.0,64.8,24.8
112.8,89.2,91.1,90.6,332.0,119.2,57.8,10.2
227.0,122.3,121.5,121.8,471.5,231.6,119.8,45.6
221.6,103.2,99.9,101.3,420.6,218.3,105.1,44.1
109.2,78.9,78.8,78.4,304.4,,54.5,
49.5,86.0,86.5,,280.7,46.8,26.3,15.3
207.2,113.6,113.0,113.6,442.7,203.1,99.4,33.3
108.5,83.8,85.7,85.4,315.3,113.3,57.6,26.3
191.7,105.7,104.0,,406.9,185.7,94.5,23.3
52.0,100.3,100.7,100.9,314.0,47.5,21.2,8.2
188.1,87.5,84.5,87.0,366.1,182.6,91.1,26.4
110.9,141.3,142.7,142.9,453.9,103.4,51.3,33.2
192.9,111.5,,112.7,431.8,193.6,95.2,33.8
130.5,60.9,58.9,59.5,270.3,136.3,,22.0
104.2,103.4,103.8,103.7,354.2,103.3,49.3,20.0
123.0,88.2,86.0,,331.3,115.5,60.8,31.5
192.8,117.0,117.4,117.0,438.8,197.0,97.3,27.6
147.4,82.3,83.9,84.1,336.0,155.8,74.7,17.2
178.1,98.6,96.8,97.7,386.7,174.9,87.7,22.5
253.9,109.5,,110.1,460.6,251.5,127.7,10.6
80.4,118.0,118.2,117.3,376.9,,44.3,22.0
218.9,76.0,75.4,76.0,358.5,227.0,118.2,29.8
151.9,91.8,93.8,93.3,357.3,149.3,,26.3
,90.7,91.0,90.5,323.0,93.6,47.6,36.4
77.0,,87.6,86.9,300.4,80.2,38.1,17.4
158.2,135.8,133.6,135.3,469.7,162.2,82.5,33.4
200.1,108.0,109.1,108.1,425.5,200.1,99.3,34.2
131.0,75.9,74.2,74.8,303.8,128.2,66.9,43.6
,118.6,118.0,118.4,466.9,239.7,115.9,29.8
98.7,142.7,145.1,142.4,440.4,101.3,57.8,16.6
159.7,119.6,121.0,120.6,427.0,155.9,80.5,34.8
72.2,69.8,69.2,69.6,257.2,72.4,31.2,36.5
,91.4,88.1,90.3,363.3,156.5,76.1,19.9
207.0,124.5,126.7,125.3,470.8,210.4,,
121.9,87.3,,85.8,325.7,120.6,63.8,
24.2,108.8,,108.9,319.7,22.0,7.2,
167.7,114.6,115.2,115.5,422.3,167.5,85.9,27.4
,82.5,82.9,,338.3,162.8,75.6,14.9
169.6,98.5,99.6,98.8,387.4,174.1,86.8,23.6
179.4,35.9,35.0,35.2,240.1,,,21.6
86.2,79.2,,79.5,288.3,85.4,41.1,28.5
181.5,,94.3,94.9,377.5,185.3,88.1,27.2
197.1,75.5,75.2,75.0,344.4,199.1,100.0,18.4
77.4,132.9,132.7,,409.9,75.3,35.8,31.0
151.7,69.4,72.4,71.4,,151.1,77.4,28.9
120.4,90.1,92.2,91.2,,119.7,57.2,25.5
,103.5,103.1,102.6,381.4,149.7,72.5,15.7
181.8,128.7,128.5,128.8,458.8,180.0,83.9,26.1
111.3,70.8,72.0,71.3,286.3,109.3,55.2,28.8
127.8,121.9,123.2,123.3,414.9,137.6,68.3,11.9
151.8,99.1,99.1,100.2,375.4,156.5,74.7,2.8
85.8,,80.0,80.4,287.5,82.0,41.6,34.5
100.3,,109.3,109.2,367.6,,54.7,28.5
186.0,103.4,104.9,104.0,410.7,186.6,92.6,31.6
86.6,87.0,87.8,88.0,310.0,88.6,45.1,9.7
184.0,101.3,100.2,,396.9,184.7,93.2,32.2
169.3,92.7,92.4,92.3,370.8,175.2,84.0,
,104.4,102.4,102.3,329.2,66.5,39.4,5.6
122.7,111.7,113.4,113.2,392.1,122.4,59.8,38.8
225.6,132.9,132.6,131.7,496.9,230.8,,31.4
88.6,76.2,76.3,75.2,274.4,89.8,,14.8
148.1,141.9,142.1,142.7,471.8,148.7,73.9,24.8
153.6,61.2,60.3,61.0,287.3,,79.4,0.0
187.7,96.5,95.9,97.0,390.6,187.2,94.4,30.5
143.3,112.0,,111.8,396.7,143.3,67.4,27.5
122.9,107.1,107.1,105.6,,120.0,59.0,21.6
214.9,88.2,87.2,87.5,381.0,211.1,103.7,36.8
234.9,96.3,95.6,95.8,416.1,229.9,113.6,12.0
194.0,89.7,91.6,90.1,382.6,187.0,89.6,18.2
148.4,86.7,88.7,88.2,347.5,144.0,75.4,13.9
118.1,116.8,117.4,117.0,400.1,117.2,63.4,22.2
112.0,108.3,105.9,107.1,371.1,112.5,59.2,24.2
169.2,84.6,,86.1,355.6,167.8,87.7,27.1
179.9,116.9,117.1,118.0,438.8,168.1,83.0,23.5
223.2,106.3,105.0,106.1,434.1,231.1,113.6,17.9
190.7,115.3,115.9,116.3,436.9,196.1,95.7,43.7
81.1,111.8,112.0,112.6,365.1,83.3,43.6,47.4
194.3,83.0,83.2,83.4,365.4,203.8,102.6,24.7
94.5,87.4,87.4,88.8,313.9,89.6,44.6,13.1
138.3,114.0,115.9,,401.4,147.7,77.8,39.8
168.6,,113.3,112.2,415.4,163.8,83.1,11.3
249.6,98.3,97.6,99.6,434.9,250.8,122.9,23.4
306.7,100.7,103.3,102.3,475.7,300.3,148.1,21.8
193.1,124.9,124.7,125.6,457.8,193.2,98.6,16.3
134.9,88.9,89.0,88.2,342.2,136.8,71.5,19.3
182.2,110.7,110.9,110.9,418.7,181.4,92.4,17.3
192.4,95.5,96.0,96.0,390.2,196.0,103.7,24.6
131.8,95.7,95.5,95.6,352.0,132.3,71.1,22.9
250.7,120.2,123.2,122.0,492.0,248.1,125.4,23.4
169.8,117.0,115.3,116.5,426.2,167.0,81.0,22.6
183.0,116.7,116.9,116.3,431.5,187.1,89.6,24.3
,125.7,127.2,126.1,465.8,193.1,95.4,36.4
171.3,101.4,101.1,100.4,390.6,175.9,90.2,23.0
198.8,112.5,116.0,113.6,435.7,204.9,107.9,35.0
116.0,94.9,93.3,93.8,,107.7,55.1,28.0
125.3,106.6,107.4,106.5,373.9,131.0,69.0,29.4
93.7,97.1,97.3,,334.0,104.0,51.3,35.6
172.9,101.9,103.2,101.9,389.4,174.2,88.9,13.3
194.9,,111.9,111.9,427.2,197.9,101.4,21.6
164.7,84.9,83.2,83.6,349.3,169.9,79.0,40.1
254.6,140.8,143.2,141.8,539.2,253.2,125.4,29.4
139.7,79.1,79.4,79.9,321.4,140.6,73.2,0.0
171.3,76.8,,75.7,334.3,164.7,83.2,19.7
107.0,122.6,122.6,123.2,403.1,,50.3,26.5
138.6,116.7,116.5,115.8,405.2,141.1,63.3,0.0
191.0,114.2,113.9,112.5,429.6,193.6,95.7,39.8
198.7,112.2,112.7,112.6,433.4,204.0,101.8,19.5
135.2,100.4,101.1,99.8,365.4,131.3,63.0,26.6
137.4,80.9,80.7,82.1,327.2,134.7,67.8,19.1
74.9,102.3,101.1,101.5,334.0,84.4,43.7,8.8
,86.7,86.2,86.5,329.9,124.6,,10.8
204.3,120.0,119.4,119.5,455.6,205.3,95.6,18.4
177.3,96.4,97.1,97.1,385.0,177.0,84.5,35.1
166.8,81.8,84.2,,343.9,162.7,80.4,20.7
149.3,94.1,,,356.9,157.4,80.4,17.6
154.5,106.2,108.4,108.3,396.8,151.9,77.4,
111.3,88.4,88.7,88.7,324.9,105.7,54.2,33.2
176.7,84.5,82.6,83.6,352.8,174.4,86.1,37.3
173.5,105.1,104.8,104.9,400.6,163.5,80.8,36.9
177.1,106.8,104.8,104.9,408.5,173.8,,30.3
118.6,90.9,89.7,89.9,330.0,113.8,59.2,24.4
37.6,89.9,90.6,90.6,281.3,40.7,17.6,6.9
207.2,104.7,104.7,,420.9,203.8,104.5,23.6
111.6,71.0,70.6,71.0,283.1,116.0,58.6,12.3
92.8,70.3,73.1,71.9,274.7,99.8,49.8,0.5
177.5,84.7,,85.6,358.6,181.4,88.7,33.5
128.3,95.2,95.0,95.7,354.3,,,15.8
206.1,104.2,109.0,106.2,419.8,206.8,101.5,37.9
195.6,,128.5,129.5,470.6,188.0,93.0,37.3
192.8,116.9,115.8,117.2,441.7,192.1,89.0,32.7
80.1,,97.5,96.8,326.6,75.8,37.3,27.5
210.4,100.0,97.5,99.6,414.8,213.9,109.7,19.6
153.0,80.7,79.7,79.9,331.8,165.9,84.6,40.2
,99.9,101.8,99.6,363.0,133.9,65.5,23.6
154.3,93.9,92.7,94.2,362.0,144.3,72.3,26.1
64.4,107.0,104.5,106.5,337.8,62.6,29.6,15.4
162.2,84.1,82.0,83.5,342.4,162.8,81.9,12.8
103.7,110.7,111.3,110.4,373.1,104.1,56.7,28.4
97.7,129.8,131.8,130.7,416.0,94.0,49.9,28.0
72.8,98.1,97.3,97.8,321.0,74.0,,13.2
209.7,109.2,108.7,108.0,429.2,203.5,100.3,12.1
125.4,113.2,115.2,113.8,394.3,120.7,62.6,12.0
222.7,94.1,93.8,92.0,401.2,225.9,107.9,37.0
125.5,104.0,104.2,104.5,371.8,120.4,59.5,17.5
64.8,100.3,98.0,100.3,325.1,67.5,35.5,17.9
95.2,101.3,101.1,102.0,349.7,88.4,46.4,37.0
204.1,84.8,84.1,84.5,371.6,212.9,108.5,
142.5,98.7,100.2,100.5,370.3,138.6,70.2,16.2
127.6,109.4,109.8,110.0,382.9,126.5,62.7,16.5
172.5,127.9,130.1,129.0,456.9,174.2,88.7,44.0
184.7,119.3,120.5,119.2,436.1,181.9,88.1,46.7
227.4,144.1,142.9,143.1,522.6,228.1,111.5,38.6
214.8,85.3,85.8,84.7,377.6,217.7,109.0,31.7
140.7,115.1,117.8,117.4,407.0,145.5,73.3,19.5
85.5,105.7,103.7,103.7,343.7,89.5,39.3,41.7
151.2,144.1,,,480.4,150.3,76.5,31.7
154.9,83.1,83.9,83.8,340.2,154.2,79.4,30.5
93.4,83.4,85.3,83.2,301.9,,52.3,19.0
96.1,88.2,86.6,88.0,315.1,100.8,57.5,
146.0,56.9,57.0,57.5,272.7,141.4,68.6,35.3
142.3,89.7,89.4,,348.2,142.8,70.3,27.8
144.0,84.2,85.3,84.8,335.8,142.3,70.0,36.3
113.6,102.6,104.3,,,112.9,56.2,25.4
141.9,106.1,106.8,106.8,389.3,135.8,66.9,16.0
,136.1,136.1,137.5,446.9,120.5,56.0,21.5
204.0,119.2,119.9,119.0,451.0,213.1,104.9,
196.0,89.0,89.2,88.5,373.2,198.9,99.2,17.4
48.7,82.5,80.1,82.0,272.8,36.2,21.8,7.6
108.4,110.7,109.8,109.8,373.2,114.5,63.8,35.7
62.0,73.9,72.0,73.6,263.3,67.4,37.7,12.7
135.8,136.1,136.0,136.6,451.7,134.0,64.7,29.0
157.6,124.4,122.7,123.6,433.5,161.2,78.5,29.6
72.8,89.3,91.4,90.6,308.1,68.5,33.8,14.5
86.8,64.8,65.9,65.7,258.1,,47.6,32.4
113.3,126.1,125.8,127.1,416.6,120.8,59.9,
159.2,98.8,98.6,97.7,376.9,157.8,74.9,26.5
165.8,125.7,123.3,,442.8,156.5,76.7,29.6
98.0,68.6,68.4,68.1,269.5,97.7,51.1,17.9
152.8,89.1,87.2,88.0,351.1,152.4,78.3,9.6
122.7,99.2,99.7,100.1,359.8,128.7,63.7,31.7
136.9,101.3,101.4,100.9,369.1,137.0,70.5,30.9
229.2,90.9,91.5,91.0,404.0,227.1,106.7,18.4
223.3,113.3,113.8,,443.8,228.5,114.6,34.3
74.3,78.5,78.6,78.6,283.5,74.9,40.0,22.9
190.1,96.8,97.5,97.2,388.8,186.3,90.7,11.6
191.8,102.9,102.0,102.4,404.6,197.6,96.3,
97.7,111.2,110.5,110.3,,98.7,43.7,34.8
198.1,113.6,114.7,114.2,436.8,198.1,103.8,29.9
215.7,77.4,77.4,77.5,363.5,216.6,106.1,17.5
78.5,68.3,67.5,,257.5,73.1,37.3,9.3
116.9,123.1,125.9,125.6,415.0,114.3,58.9,20.6
204.2,106.8,107.0,106.6,422.1,204.2,106.6,21.7
156.1,85.6,84.4,85.0,344.2,155.1,77.1,13.8
193.1,131.3,129.7,131.0,473.6,199.5,98.1,11.3
168.2,100.4,103.8,102.3,391.0,169.3,85.2,36.0
181.3,123.2,124.1,123.6,448.0,185.6,96.6,37.1
84.4,99.1,101.1,101.4,337.1,84.4,41.7,9.1
223.0,142.6,140.1,141.2,516.6,228.3,111.3,32.2
226.0,134.0,134.3,135.1,504.6,228.0,109.4,21.2
136.0,96.3,96.3,95.0,354.2,136.1,64.4,
157.5,120.4,,119.4,423.7,157.4,81.3,22.7
79.9,112.0,112.4,112.9,364.2,75.1,36.6,18.9
189.4,126.2,127.9,127.4,462.6,191.9,94.1,48.2
169.0,81.1,79.9,80.7,,168.8,82.3,17.7
153.8,112.9,,113.7,407.5,151.3,75.9,17.3
216.8,121.3,122.5,121.2,461.4,222.3,110.4,20.4
115.7,64.3,64.4,64.8,270.5,109.4,53.9,29.0
166.4,74.6,75.7,76.3,327.1,164.3,86.2,4.8
78.6,57.0,56.6,59.2,235.4,83.7,46.5,9.1
,94.8,93.1,94.6,358.7,147.7,69.0,37.4
148.5,113.8,,114.4,409.0,148.3,75.1,27.9
176.3,129.5,130.2,130.0,460.6,177.6,86.4,29.9
132.3,102.2,101.2,101.5,368.3,133.2,65.9,44.7
159.7,133.7,131.2,132.6,458.0,,,30.4
177.5,72.1,72.1,72.4,326.9,175.8,87.2,14.3
111.1,65.6,66.4,65.9,271.5,119.2,60.3,15.8
69.1,99.4,,98.9,,65.8,34.9,9.9
241.3,106.3,105.8,107.7,445.7,239.7,120.7,39.8
218.7,99.6,99.2,99.3,417.6,216.0,106.1,31.6
64.7,59.2,57.3,58.7,226.3,64.3,30.2,27.6
183.6,,99.1,98.2,388.6,180.7,86.0,36.6
111.8,72.0,74.7,73.9,290.6,114.2,54.6,
,112.6,112.5,113.4,416.4,170.9,91.3,16.4
168.4,,106.6,107.3,404.3,172.3,83.8,24.7
128.9,81.3,80.7,81.2,322.6,123.6,58.2,12.4
105.7,90.2,87.5,89.7,322.7,104.0,53.0,22.8
104.9,80.3,79.2,,299.3,103.8,51.6,31.3
103.6,98.3,98.5,98.7,340.5,105.9,52.4,20.3
118.0,118.6,120.1,119.1,401.5,114.0,61.2,26.6
136.8,81.4,79.2,80.3,319.3,141.4,72.3,20.0
119.3,110.4,109.5,110.1,379.1,125.2,61.0,32.0
178.8,90.7,,89.4,365.5,173.9,85.7,16.6
216.4,84.4,83.1,84.1,379.1,213.9,105.5,2.0
119.9,96.7,96.7,97.9,353.5,117.2,61.2,27.4
151.6,78.0,80.3,79.3,327.0,164.8,81.5,31.2
169.4,87.4,88.2,88.9,358.4,,78.2,27.4
161.6,76.7,76.2,76.0,329.1,170.0,84.8,15.1
173.4,140.5,138.9,139.3,480.2,167.1,78.9,17.7
187.5,102.6,99.4,100.7,395.3,182.6,97.8,29.7
167.1,86.8,85.8,86.0,353.5,163.7,78.9,24.1
90.3,105.4,104.9,104.3,347.4,86.1,42.6,21.1
192.3,97.2,96.5,97.8,396.9,191.0,96.3,43.1
192.2,94.4,96.4,95.6,388.8,188.7,93.5,15.0
118.0,,111.4,112.3,386.1,113.9,56.1,42.1
159.5,115.6,114.7,115.2,419.2,165.3,83.9,26.3
178.9,89.5,89.9,89.4,365.0,185.0,97.1,4.9
133.8,88.9,87.8,88.5,337.2,,71.6,20.1
200.9,94.8,94.5,94.5,392.6,203.5,106.2,34.2
245.2,55.2,53.6,54.0,327.4,,119.7,
95.5,71.0,69.8,69.7,270.2,93.0,47.5,3.8
94.6,127.9,125.0,127.3,404.9,89.8,45.4,23.6
181.6,,131.1,132.9,472.4,183.4,92.8,
183.6,,95.6,95.0,382.5,177.7,93.0,29.0
144.2,111.1,112.6,111.5,398.9,139.2,69.0,32.7
225.8,107.0,105.3,106.2,,231.6,114.6,16.0
113.9,160.2,161.3,161.6,502.0,123.4,63.3,
195.8,123.4,,122.4,452.8,197.8,93.5,35.2
118.4,96.2,98.1,97.4,349.1,123.9,61.3,13.9
226.4,81.2,78.9,80.9,375.9,225.2,112.2,13.0
233.6,67.0,,67.9,353.2,226.9,110.7,10.9
113.7,104.6,103.7,104.1,360.3,116.8,61.6,26.5
115.0,84.8,85.6,84.9,322.4,117.8,55.7,24.2
178.8,70.0,74.1,71.6,326.6,179.2,89.2,14.5
124.2,87.5,86.8,87.1,330.1,123.0,62.4,21.6
136.9,77.8,77.0,78.4,314.1,141.7,74.9,36.0
168.1,134.6,134.1,133.7,466.6,163.2,81.6,18.6
62.8,117.6,119.0,117.6,362.8,58.9,32.3,3.6
149.2,100.2,99.9,99.8,376.8,144.2,74.2,28.4
130.3,128.6,128.7,,430.5,,65.7,
126.1,101.0,102.5,101.5,364.0,120.7,57.1,16.1
213.6,82.3,83.4,82.8,371.4,210.2,100.8,30.1
102.4,131.3,129.4,130.5,416.3,98.9,49.8,34.2
196.0,112.5,111.2,110.8,430.0,194.7,95.7,4.4
125.7,78.4,80.3,79.3,312.5,118.3,61.9,14.1
134.1,97.3,97.4,96.2,359.3,134.5,69.5,
180.8,80.3,82.4,82.5,348.1,187.0,,28.2
153.2,71.1,72.0,72.3,313.7,153.9,73.5,27.4
187.8,117.6,119.8,118.5,446.0,195.5,99.3,39.0
217.5,136.8,137.0,138.2,503.9,224.2,109.0,
119.4,70.4,72.5,72.0,294.3,123.3,59.4,27.7
125.0,111.7,109.9,111.3,386.0,125.4,59.7,
89.2,86.8,88.1,87.0,305.2,89.3,44.2,25.7
103.9,,90.0,90.3,323.9,107.7,57.4,18.0
291.5,88.8,89.4,88.2,,289.5,144.8,28.4
203.6,83.0,83.2,82.7,365.0,194.2,95.8,17.4
82.9,,99.7,101.0,336.0,85.4,38.1,21.9
75.6,83.3,84.8,83.4,292.5,,36.6,7.9
,104.2,107.0,105.4,403.5,172.0,83.7,17.3
176.9,100.1,99.9,99.0,390.3,176.9,88.8,21.7
175.1,94.6,94.5,95.2,379.1,174.6,86.2,14.5
128.2,80.9,81.5,81.8,319.9,121.1,63.1,15.9
138.0,88.3,88.6,88.5,339.8,138.8,68.9,20.4
173.9,114.2,114.4,115.1,425.0,,89.2,30.3
159.3,109.6,111.7,110.0,402.2,153.7,78.3,34.6
29.3,80.8,80.6,80.4,259.3,35.7,24.2,13.3
139.5,102.3,99.3,102.0,372.1,131.7,68.5,37.0
114.9,114.1,115.4,115.0,391.3,125.5,62.5,34.0
,66.1,66.3,66.6,,140.0,70.0,24.6
304.7,111.9,110.8,,494.1,305.4,151.1,31.2
161.7,87.2,86.4,86.7,350.0,152.2,73.3,25.7
140.0,113.5,112.2,,394.5,139.7,68.2,36.6
188.5,85.9,85.9,84.7,359.1,189.6,92.5,35.2
156.1,65.0,64.2,63.9,292.1,155.7,79.8,33.0
154.7,66.1,67.1,67.4,300.3,151.9,72.7,20.4
180.8,101.7,100.9,101.0,396.4,176.1,92.0,30.4
255.4,105.1,105.2,105.2,452.5,261.1,,41.1
84.4,81.4,81.1,81.9,292.0,84.6,42.3,13.4
180.1,112.9,113.4,112.8,421.4,187.8,93.9,22.9
87.1,67.7,67.2,,256.6,84.5,40.6,18.0
177.1,99.2,100.2,98.7,389.4,174.9,88.3,33.5
92.0,74.9,77.0,75.8,285.8,96.1,51.3,28.4
122.6,87.7,86.3,87.0,330.7,114.5,55.1,19.2
135.7,100.3,101.8,100.9,369.9,129.6,60.2,8.4
190.2,83.0,81.8,82.8,360.0,195.7,100.0,25.5
192.1,92.0,93.0,92.3,385.5,186.2,94.1,15.1
97.8,119.9,,120.1,391.5,88.7,41.0,9.7
147.0,89.2,87.4,88.5,347.5,156.3,76.0,9.7
122.9,115.7,117.0,116.7,397.1,115.9,55.4,28.1
75.8,79.4,74.7,77.4,275.1,76.7,36.2,32.4
144.4,108.8,108.8,110.6,394.6,144.7,71.4,25.1
149.0,128.2,128.7,128.8,,134.9,66.7,29.2
246.6,,50.6,50.6,317.0,245.3,120.7,32.7
163.7,84.6,83.7,84.1,349.8,165.9,80.7,7.0
86.9,111.4,110.0,111.5,364.3,88.7,,28.4
119.7,95.9,95.1,95.9,,124.2,62.6,22.4
,107.8,107.8,107.4,424.6,202.9,100.5,31.9
248.4,87.7,88.5,87.9,405.0,252.0,129.5,20.4
71.6,103.1,101.7,101.7,329.8,68.2,35.6,13.3
54.4,97.7,98.0,,309.2,47.3,18.9,21.9
255.2,124.2,,123.4,494.4,248.7,125.9,46.2
172.0,104.1,104.3,,399.9,164.7,84.2,33.6
110.0,106.7,106.5,106.8,368.7,115.0,56.2,18.4
172.6,91.5,,91.8,369.4,165.0,78.0,10.1
13.3,89.2,,90.2,269.1,14.7,7.4,1.6
145.8,91.7,92.5,91.3,356.6,144.5,,36.0
170.3,107.4,108.6,107.9,405.4,169.8,81.5,15.7
192.0,,93.0,91.6,383.0,,95.1,20.9
,104.7,105.5,105.8,358.8,100.0,49.7,36.2
175.0,143.2,142.9,141.5,489.6,,88.3,13.3
112.4,116.5,117.2,117.4,395.0,112.6,55.0,39.7
159.5,93.7,95.0,93.5,365.9,158.7,79.1,20.8
117.2,124.8,124.0,124.0,407.3,128.7,61.0,13.9
125.5,91.3,92.5,91.8,341.0,118.3,57.8,19.6
79.8,60.1,60.7,59.2,239.9,86.2,44.7,9.8
172.5,78.6,79.6,79.8,341.8,175.8,86.8,26.5
174.2,64.0,62.8,62.6,302.9,171.8,80.9,13.7
134.8,93.0,94.3,93.0,346.0,142.9,70.1,3.2
152.1,99.8,100.2,100.4,375.5,142.9,68.2,21.6
94.3,133.2,132.2,,421.1,91.7,46.6,12.5
138.3,107.3,108.7,106.5,384.5,,67.1,26.3
145.3,95.0,95.1,95.6,364.1,147.4,68.7,11.3
289.3,115.8,116.7,116.6,497.1,283.7,144.1,25.0
72.3,55.6,56.9,55.8,225.3,74.5,33.9,18.1
225.6,103.5,104.1,104.7,431.1,224.7,117.0,24.4
207.6,117.2,114.4,115.4,444.3,205.2,102.5,29.7
149.2,69.9,70.7,70.4,300.4,151.1,,26.8
249.4,123.7,121.1,122.9,489.4,248.1,120.6,17.9
172.0,107.0,106.5,106.8,404.5,166.6,84.3,24.6
165.3,90.7,91.9,91.7,363.1,179.3,88.5,0.0
,112.6,112.4,,403.7,151.3,75.3,27.7
233.9,146.2,143.9,145.4,533.5,222.8,116.2,28.7
206.6,103.4,105.2,103.6,417.0,202.4,99.1,16.0
121.2,106.2,105.1,105.0,370.9,114.9,57.6,26.7
79.4,91.8,92.2,90.8,315.2,83.5,46.0,32.5
131.4,83.9,,83.0,319.8,133.0,67.3,16.2
118.3,116.1,115.7,116.6,393.4,120.3,55.3,15.2
138.3,81.8,83.1,82.9,327.0,136.4,69.7,23.0
212.6,100.8,101.2,101.4,418.6,211.2,102.1,12.6
122.4,90.6,89.3,,332.7,120.5,64.5,15.0
152.6,110.1,111.0,109.6,403.2,152.2,73.6,37.4
,104.5,106.1,106.7,,160.4,89.1,25.3
202.8,120.7,118.9,120.8,455.2,204.5,106.6,9.0
32.6,90.0,,89.8,280.3,35.1,15.2,1.0
117.0,94.3,94.1,94.6,341.5,119.5,59.8,23.7
150.8,81.7,79.8,80.4,331.9,155.2,79.9,30.2
205.6,91.5,89.3,91.1,385.4,207.0,105.9,8.1
129.2,108.9,109.3,107.5,381.4,131.0,66.8,28.6
63.7,114.9,113.9,115.1,357.9,69.6,38.6,36.2
171.8,82.5,81.6,81.6,343.5,168.5,83.9,41.1
126.9,119.0,118.3,,407.7,122.6,60.2,28.7
104.1,128.4,127.5,127.1,412.4,98.2,48.0,
122.9,107.2,108.2,108.3,379.1,123.8,64.5,2.6
159.5,137.3,135.8,137.5,471.0,,76.2,49.5
112.0,,83.7,84.5,312.9,114.3,58.0,14.9
27.3,75.6,,75.1,246.5,26.8,15.8,8.0
177.1,65.1,63.6,64.4,,182.8,85.2,17.6
228.7,129.1,130.1,129.9,490.8,225.3,113.6,44.7
189.1,113.2,113.8,113.1,428.4,188.1,94.7,48.5
92.6,96.9,99.9,98.9,338.5,98.2,54.1,23.2
142.7,107.0,104.4,105.6,384.6,149.6,70.2,34.2
138.4,77.0,79.7,77.5,314.8,135.0,72.2,21.2
204.4,149.0,149.7,148.9,522.6,205.3,102.9,20.8
184.7,102.3,102.6,102.6,399.8,186.2,94.6,39.8
114.4,103.3,103.3,102.2,356.2,116.3,63.2,16.6
161.4,111.7,116.9,114.5,416.6,160.1,81.7,41.2
177.7,109.6,108.2,109.6,415.5,184.1,93.3,38.8
225.0,104.4,104.3,104.5,,215.6,108.5,32.8
177.3,83.7,81.8,84.2,352.4,175.2,86.1,40.9
,111.2,109.6,109.4,425.6,196.4,98.1,48.6
173.0,136.8,138.0,137.6,476.4,175.3,85.5,27.1
234.0,127.7,126.9,126.9,491.2,240.8,120.2,21.5
186.4,132.2,131.2,131.9,473.8,192.4,89.2,10.0
101.8,91.0,87.7,89.8,322.8,100.4,51.5,43.6
210.3,79.5,80.6,80.2,363.8,216.8,108.0,18.8
183.6,96.8,98.9,97.5,391.0,180.0,89.0,35.9
128.4,102.2,100.5,101.1,366.3,133.1,67.2,15.9
137.0,122.3,122.3,121.9,417.4,146.1,68.7,41.3
147.9,64.6,64.6,66.2,291.0,154.0,82.8,12.5
188.5,130.1,131.0,130.6,469.2,189.0,94.2,16.5
158.3,97.2,,96.8,375.7,156.6,77.9,21.7
161.3,92.3,90.7,91.5,364.2,153.7,73.9,17.9
224.9,79.1,79.0,79.8,369.9,226.5,113.3,29.5
,64.0,66.5,66.9,316.2,181.4,94.9,20.3
,117.0,116.8,116.5,427.1,163.8,85.0,32.6
197.8,100.2,100.2,101.5,404.4,191.8,98.5,22.3
85.5,72.2,73.8,74.2,276.0,83.2,43.2,12.1
156.9,71.3,74.1,,316.2,156.8,77.3,15.0
237.1,94.1,92.2,93.3,414.9,238.5,114.9,46.2
155.8,133.5,135.2,,,,75.8,30.0
,94.6,94.0,94.8,338.0,110.3,54.5,2.1
102.4,71.3,69.3,69.9,276.5,101.4,53.8,13.6
93.1,95.7,94.1,95.1,329.9,,45.5,22.5
108.0,96.2,96.3,94.5,333.6,109.1,59.4,40.1
104.5,44.7,46.6,46.1,216.2,114.3,60.8,26.1
79.2,98.9,98.0,98.9,329.5,80.9,39.1,12.3
148.5,93.8,96.5,95.4,363.3,146.7,68.0,47.3
202.1,113.7,114.1,113.9,436.7,194.5,101.4,26.5
123.1,136.7,137.2,137.0,443.5,122.0,65.1,39.6
237.2,123.2,122.2,122.5,481.6,238.4,115.1,17.5
172.9,94.7,93.9,94.6,377.2,171.0,,0.0
190.5,78.5,78.2,77.9,347.2,182.2,92.2,8.3
142.8,152.2,,151.5,493.4,138.5,69.8,0.0
193.3,103.3,103.0,101.2,402.2,200.6,105.1,46.2
95.5,100.0,99.0,,342.1,102.7,55.4,24.3
194.3,98.6,101.1,99.5,403.5,,,15.9
160.6,104.2,103.9,,390.9,164.0,83.4,29.1
176.2,96.3,97.4,97.1,384.0,170.3,87.0,26.1
85.5,90.0,89.4,88.5,314.4,92.5,45.1,26.9
99.8,88.8,88.4,89.1,316.2,101.0,50.3,32.9
179.5,98.8,100.2,99.3,392.6,184.2,89.4,21.7
97.1,88.7,86.4,89.1,320.8,88.5,43.3,12.2
166.0,86.5,85.0,85.7,350.6,169.4,83.6,30.8
82.7,102.0,101.2,102.1,341.3,82.7,39.4,30.1
189.9,94.3,93.6,94.9,384.7,194.2,,25.2
103.4,131.7,129.9,130.1,416.9,108.0,53.0,47.6
151.1,46.1,47.4,47.0,251.6,151.4,77.2,13.2
192.2,121.9,122.5,121.8,453.3,189.2,89.7,18.7
127.6,125.6,125.2,124.9,422.6,131.5,65.4,30.3
158.4,56.9,57.9,58.5,285.2,158.1,79.4,12.5
159.6,,93.5,93.1,364.7,155.2,76.7,28.2
119.3,91.5,92.7,92.6,341.2,114.7,56.8,13.7
85.5,72.7,72.8,71.8,269.8,78.1,34.3,14.5
44.1,83.5,85.2,84.4,276.5,41.5,21.8,37.7
156.4,78.5,77.8,77.8,327.3,161.9,82.9,17.3
89.3,136.2,134.1,135.0,422.1,90.2,46.6,18.1
164.1,119.6,118.1,118.7,428.5,161.5,83.8,38.1
149.5,125.7,,125.4,431.3,153.5,77.4,16.1
191.2,114.2,114.1,114.4,431.3,187.0,95.0,19.6
123.6,76.8,77.7,77.4,306.1,124.1,62.5,26.1
128.3,91.0,90.2,89.5,,127.4,65.8,31.1
191.5,109.1,109.7,109.8,424.3,195.4,93.0,38.4
154.5,74.5,75.6,75.6,321.7,146.6,70.6,13.6
172.9,114.9,114.4,114.3,423.1,168.6,89.1,32.1
171.1,94.4,94.7,95.2,373.8,162.9,74.1,19.0
69.5,91.6,91.6,92.5,311.5,68.2,33.7,14.5
194.9,112.8,112.5,,438.9,201.0,104.0,39.0
185.1,108.4,108.2,108.9,417.0,182.6,91.0,20.4
95.6,92.7,93.3,,326.4,93.0,45.3,24.1
149.4,123.4,122.5,123.2,,153.8,77.3,28.0
137.2,79.3,78.1,78.4,317.9,142.5,70.2,10.2
149.4,112.8,112.8,112.3,403.6,149.0,74.6,34.8
172.6,111.7,112.4,111.9,416.3,176.0,86.0,31.4
218.5,93.6,92.7,,403.2,213.1,109.9,5.3
207.3,107.0,107.5,106.5,,214.2,111.4,29.3
71.9,76.3,76.1,75.0,267.0,82.6,40.9,10.6
190.3,118.6,117.4,118.5,442.4,192.9,92.3,38.1
,95.8,95.5,,402.5,204.2,100.5,10.7
164.1,,90.7,89.5,361.8,161.3,80.1,19.5
,119.5,120.8,121.0,461.7,218.1,110.5,31.7
243.6,86.6,,85.9,395.2,241.5,117.7,25.3
187.1,72.4,70.4,71.8,332.4,193.5,94.4,29.2
146.9,69.4,68.6,68.9,303.6,149.8,76.5,5.0
208.3,112.0,111.0,112.1,439.7,204.8,105.2,43.5
144.4,75.8,74.0,74.4,312.3,144.6,70.4,25.9
168.7,134.6,135.1,135.1,469.4,164.2,78.1,42.1
111.6,59.3,59.8,58.4,257.3,110.7,65.2,26.6
245.1,133.9,133.6,,510.0,,123.5,
111.2,103.6,105.3,104.2,361.3,117.1,57.7,10.2
225.7,98.7,99.5,98.1,415.2,236.3,120.7,20.1
169.5,89.5,90.5,89.1,359.0,162.3,80.8,38.8
84.0,108.3,108.3,108.0,353.6,74.4,39.8,36.5
168.0,99.3,97.3,99.2,386.2,166.8,83.9,18.1
56.0,122.0,122.5,122.1,371.6,48.4,24.5,0.0
,104.7,103.3,102.3,401.9,182.6,91.0,23.0
195.8,104.2,,103.0,,199.5,95.4,22.6
116.7,93.5,94.5,92.7,339.3,124.2,67.9,19.5
155.6,99.0,99.7,98.9,374.2,156.6,75.5,29.0
250.8,107.2,106.7,106.2,449.6,,120.8,36.2
107.6,66.3,66.9,65.8,269.8,97.7,48.2,28.4
83.6,73.1,73.4,73.0,272.4,83.7,39.0,23.1
231.5,114.6,112.4,114.9,459.3,231.9,115.8,10.0
249.8,103.3,102.9,103.4,442.6,253.0,128.6,23.7
148.3,93.1,97.5,96.3,363.7,144.8,75.4,46.2
200.8,100.6,99.6,100.4,412.7,198.6,101.8,29.4
220.5,106.5,106.7,107.0,435.3,213.1,105.6,30.4
107.5,90.8,88.2,89.2,325.4,,48.2,24.9
118.0,84.5,86.2,84.4,318.8,112.5,57.5,25.1
213.5,102.7,105.6,103.9,421.1,205.6,97.6,2.2
224.5,80.4,79.5,80.4,373.4,226.2,114.8,21.3
182.2,107.1,108.3,,413.8,179.6,85.4,25.3
89.0,66.4,65.3,65.9,254.7,86.3,49.3,30.5
259.6,120.9,121.2,120.6,486.1,254.7,126.1,
128.2,110.4,110.0,109.5,383.2,112.0,55.5,7.7
135.8,,105.9,105.1,378.7,143.3,69.4,28.2
176.9,119.7,120.0,119.7,436.9,171.9,84.1,18.8
244.4,131.9,136.2,133.3,512.6,242.3,128.0,18.5
202.8,121.0,119.3,120.3,451.6,195.5,100.6,19.2
152.3,63.7,61.5,63.2,288.4,157.2,73.9,24.8
,74.9,74.0,74.4,324.3,161.1,85.1,33.8
145.9,87.5,85.9,87.5,343.4,141.8,74.5,27.0
178.2,100.9,99.0,100.5,394.9,176.2,87.3,31.1
28.7,112.0,109.4,110.4,331.1,37.1,19.5,26.3
127.9,85.2,84.6,85.5,326.1,127.5,63.7,22.3
163.9,103.9,102.8,103.7,391.9,163.0,87.4,31.6
84.9,83.8,85.4,84.9,299.6,80.2,,0.0
163.2,86.9,87.3,87.8,350.0,153.7,77.3,23.6
125.7,72.0,71.7,71.9,293.7,124.9,61.2,9.2
228.5,82.6,82.4,81.5,380.9,230.1,110.8,35.7
215.1,72.7,,73.0,351.5,220.6,116.9,21.1
117.0,80.2,80.2,80.5,310.5,105.8,49.3,20.8
153.0,120.7,121.4,121.1,425.5,147.4,74.3,11.2
136.8,80.5,79.1,,320.9,133.9,61.7,31.2
153.7,152.9,150.3,152.6,503.5,153.7,75.6,36.4
164.7,108.4,110.2,109.9,405.6,164.0,83.3,30.8
,105.0,104.2,103.7,,113.3,54.2,15.0
84.9,82.2,84.9,82.8,295.8,86.9,45.2,12.1
188.1,114.7,114.2,114.0,433.9,183.6,91.0,28.9
175.7,87.2,89.3,88.5,365.0,180.4,93.7,16.3
111.0,103.1,102.2,102.4,354.9,113.2,60.7,27.1
220.4,151.9,151.5,151.2,535.4,218.8,107.6,10.2
117.5,98.5,99.7,98.1,352.3,125.5,63.0,17.7
174.2,122.0,120.9,123.0,443.0,182.0,91.5,45.1
184.0,86.2,86.4,85.9,,188.7,96.2,27.5
148.0,98.1,101.4,99.3,373.9,132.9,66.5,25.4
190.4,135.2,135.7,135.4,482.8,198.3,99.7,49.0
117.9,88.5,89.1,87.5,326.8,121.9,60.2,0.0
158.3,137.0,135.6,136.2,466.9,168.3,84.5,20.2
146.8,114.2,114.1,114.2,405.6,153.0,80.4,21.3
107.0,87.8,88.8,88.8,325.6,114.9,59.4,29.9
147.5,113.3,110.4,112.6,401.7,151.9,78.1,33.8
82.3,119.5,118.3,119.5,381.3,89.0,46.7,15.4
131.7,110.1,111.3,112.4,395.3,141.7,70.4,34.7
120.1,69.4,69.4,68.6,280.8,121.2,61.5,15.0
129.9,85.4,86.3,85.5,328.1,122.0,57.8,33.5
135.4,96.3,95.4,95.0,357.3,133.9,70.7,12.5
146.2,97.4,99.3,98.5,371.2,148.1,65.7,22.3
180.2,109.2,112.2,112.4,421.0,180.6,90.0,21.1
,103.8,104.8,103.6,409.3,189.3,98.1,36.0
104.2,73.6,73.3,73.3,,96.0,43.9,14.1
93.6,105.9,107.7,107.6,360.9,89.9,46.1,22.6
,111.2,111.9,112.2,373.5,108.0,52.0,28.7
131.2,114.0,111.9,111.2,388.5,139.1,68.4,29.9
143.2,121.3,121.2,,422.1,147.8,76.7,35.0
119.8,117.4,117.7,116.7,397.6,125.1,63.1,27.0
89.8,108.5,108.1,109.2,359.6,89.4,38.6,18.8
126.5,96.5,97.5,98.6,358.3,117.8,56.0,19.4
142.5,66.6,67.5,66.8,291.0,140.2,73.0,19.8
184.0,108.3,108.5,108.6,411.3,182.7,92.7,28.1
124.2,103.8,103.7,104.2,368.3,121.7,66.1,21.9
132.1,105.3,106.3,105.4,377.1,132.4,71.2,24.0
90.9,74.7,73.9,74.5,279.0,93.1,45.5,3.8
137.6,78.2,78.2,78.4,314.4,141.9,78.4,27.4
118.1,119.8,122.5,121.1,401.4,116.7,58.4,26.9
178.3,99.7,100.7,99.2,389.3,168.8,81.5,34.5
67.5,111.7,115.2,113.6,358.8,65.1,30.6,22.9
132.3,98.5,100.3,100.6,367.6,132.5,59.5,6.0
165.4,,101.8,100.6,388.3,171.5,90.6,20.8
168.6,119.3,117.8,118.8,428.7,165.8,87.7,24.4
279.5,89.6,88.8,89.7,426.1,282.1,138.0,33.7
168.5,100.5,99.6,101.9,391.0,170.0,,3.8
,,92.4,90.8,321.5,95.4,48.0,21.5
140.9,91.0,90.4,91.3,349.8,145.6,69.9,27.6
58.1,92.2,93.7,93.8,300.8,54.8,22.1,13.4
148.2,103.7,103.5,104.4,382.4,145.3,72.0,24.9
103.6,91.1,91.1,90.4,324.8,103.5,50.8,15.0
208.3,126.5,124.7,125.1,470.4,205.1,101.4,21.2
113.6,81.7,80.8,82.1,312.4,116.1,58.7,16.5
142.3,97.0,96.7,96.3,362.1,138.7,73.7,16.0
113.8,89.3,,91.2,332.6,114.9,56.6,28.5
251.4,129.6,128.1,128.9,504.2,250.9,126.0,22.9
135.9,103.1,101.8,103.9,376.8,137.0,70.7,14.8
251.9,120.9,119.2,120.6,485.3,249.6,,46.9
175.9,70.0,70.5,70.3,320.8,174.2,85.3,30.6
176.8,106.7,103.4,105.3,403.4,177.3,,6.6
177.3,116.9,,117.8,433.0,178.3,90.8,19.0
170.5,102.3,101.6,101.6,392.3,170.5,81.9,27.0
,121.0,120.8,121.3,374.1,72.8,40.2,26.9
130.9,89.5,91.6,89.7,340.0,125.9,67.3,7.1
206.4,128.0,130.0,128.2,477.8,206.1,100.9,40.5
,145.1,145.1,146.0,495.6,162.6,81.9,38.0
76.1,92.7,93.3,92.7,,78.0,40.9,25.4
142.9,91.0,,91.1,351.6,137.3,67.0,36.1
249.7,129.3,128.5,129.1,500.5,248.3,125.6,34.5
228.1,131.7,130.1,131.6,493.9,226.2,113.6,34.2
141.7,90.3,89.5,89.5,346.3,143.1,67.1,37.9
193.4,92.5,91.4,91.6,382.6,190.6,96.7,35.1
128.9,93.3,93.9,94.4,,125.9,59.7,13.9
51.4,74.0,73.6,73.1,252.1,58.6,32.1,23.9
94.6,80.4,80.9,81.6,297.0,96.0,46.0,13.2
218.1,,78.8,79.9,367.8,215.3,107.2,28.4
128.6,85.3,84.8,84.6,328.2,127.3,67.8,26.2
137.5,97.4,99.7,99.3,366.7,145.7,74.4,9.5
137.4,104.8,103.5,104.7,378.3,,64.9,22.7
260.7,130.5,131.9,131.0,513.1,257.3,125.6,33.3
221.3,79.3,78.3,80.0,367.9,217.9,107.1,19.0
270.8,121.0,119.1,119.7,496.9,268.1,135.2,33.0
,95.1,95.5,95.7,359.9,136.9,69.5,31.1
164.3,98.2,98.4,99.0,379.6,157.9,,23.7
80.9,113.6,112.9,113.5,366.7,75.3,34.1,25.6
212.6,78.2,79.4,77.5,360.0,208.5,105.1,36.8
95.4,107.5,106.8,107.6,359.6,98.4,48.6,27.7
162.5,104.5,105.8,103.3,391.7,160.6,86.8,26.6
100.1,110.4,110.3,109.8,366.9,99.1,49.6,13.8
123.4,103.6,105.9,105.8,371.3,129.8,70.3,
,148.6,149.6,149.1,480.1,139.2,66.1,32.3
113.2,86.7,89.8,87.2,321.9,111.8,51.2,
117.7,89.9,88.4,89.4,332.1,114.5,53.9,22.1
116.4,84.9,86.4,87.5,328.4,112.1,59.6,3.3
186.1,91.4,88.1,88.9,369.8,189.6,100.1,6.5
88.4,87.8,,87.3,304.9,87.4,41.3,27.6
172.9,123.9,122.1,123.8,440.6,,,21.3
225.1,129.6,128.4,128.4,486.9,221.0,107.0,33.7
118.6,90.9,90.3,88.6,328.8,114.8,51.9,22.6
105.8,84.2,83.5,83.4,310.0,107.4,55.9,18.8
143.2,110.4,,109.4,393.6,136.6,69.0,23.7
203.5,89.1,88.3,89.0,377.9,208.5,104.3,15.2
166.0,112.5,113.6,112.7,410.7,,77.5,25.4
125.5,103.6,103.2,104.1,370.2,124.8,67.3,17.7
159.0,68.9,71.5,69.7,309.3,152.3,74.6,16.7
110.4,130.3,132.9,131.0,,110.3,56.8,22.9
202.0,134.6,136.2,135.9,486.9,,95.8,27.1
164.3,87.7,87.7,87.7,355.7,164.0,81.5,32.0
130.7,90.6,93.3,92.2,347.3,,69.9,21.1
110.9,105.9,106.8,105.7,365.7,111.8,56.9,33.5
,106.7,105.9,106.7,364.4,105.0,53.0,38.6
183.3,113.3,112.6,113.2,426.1,179.7,91.4,34.9
231.6,139.7,138.9,140.2,515.5,234.6,113.9,36.1
116.4,99.5,96.9,96.5,349.6,122.9,62.0,25.7
164.9,85.4,84.7,84.0,347.0,166.3,83.5,31.0
31.9,71.2,71.1,72.4,235.3,35.3,18.4,17.7
113.5,85.6,84.9,85.4,318.2,116.5,58.5,30.8
148.1,98.7,98.0,99.3,373.0,,73.8,29.8
122.5,134.9,135.0,135.9,441.8,112.8,52.4,23.5
98.0,88.3,90.2,89.6,318.5,101.3,44.0,29.9
118.8,104.9,,104.5,364.5,123.7,,24.1
164.4,99.0,99.4,99.7,383.8,157.7,81.3,
152.5,124.7,122.1,123.8,431.3,148.1,76.6,21.8
63.4,151.5,,150.5,437.8,59.1,30.5,28.6
38.7,90.8,89.3,89.4,282.9,35.1,,29.1
114.8,89.4,89.5,90.2,332.5,112.4,53.1,30.5
183.3,121.4,120.7,120.9,443.4,184.5,92.8,30.7
,114.3,113.8,113.6,332.4,23.7,12.3,27.6
143.5,136.5,136.1,136.9,458.6,148.9,,40.6
129.5,110.9,110.2,111.7,390.5,125.3,63.8,23.0
215.8,94.4,94.6,92.8,397.9,211.6,,13.7
136.7,112.0,111.2,111.8,394.7,143.3,72.0,37.7
180.2,122.8,122.1,122.2,444.9,183.4,89.8,21.9
165.3,115.6,117.4,116.4,421.9,,85.8,19.2
48.5,108.9,113.7,110.1,338.8,50.9,24.1,4.0
199.1,120.8,120.1,121.3,452.5,199.0,95.5,33.3
172.5,123.3,123.8,123.4,441.3,175.1,85.2,10.9
189.2,126.6,126.9,127.6,460.9,187.5,92.7,20.5
,,112.4,113.0,531.2,354.1,180.1,37.4
44.1,95.0,95.9,96.7,304.1,36.5,18.1,27.4
237.7,101.8,101.8,102.9,434.7,234.3,116.6,20.2
147.7,124.8,124.1,124.1,428.4,144.3,68.4,25.1
156.2,84.3,82.2,83.7,341.7,,79.5,13.4
151.4,107.0,108.3,107.4,392.9,146.8,71.4,19.2
124.9,91.1,92.2,92.1,341.6,122.2,60.8,24.7
121.8,99.5,101.0,100.6,357.2,114.2,61.6,17.8
179.3,125.2,125.1,125.6,452.8,182.0,92.5,25.2
76.1,104.5,,103.8,338.9,75.7,33.0,7.3
188.0,101.9,101.2,100.9,398.7,179.5,,36.3
115.6,72.3,71.6,72.8,291.7,111.4,55.5,24.7
101.0,113.8,114.6,114.9,377.2,102.7,47.7,31.8
,113.2,112.1,112.9,396.9,131.3,67.6,37.7
234.5,142.4,142.4,143.3,528.4,231.0,115.6,23.2
120.2,93.3,91.7,93.8,340.6,119.8,60.4,18.4
170.1,105.7,105.7,104.4,396.2,171.8,83.8,5.9
115.9,105.8,104.3,,366.1,108.7,,54.7
203.7,131.7,,131.5,482.0,206.5,111.8,27.6
183.3,96.8,99.2,98.1,389.9,179.3,88.8,34.9
245.2,105.8,104.3,105.6,446.1,245.1,123.6,14.9
147.3,113.2,111.1,112.2,,147.1,73.9,35.2
,103.4,106.3,103.7,403.9,182.7,90.6,43.8
150.4,92.4,92.8,91.1,351.3,145.3,70.1,22.0
216.7,105.2,,,426.2,215.3,104.4,16.2
124.8,123.1,121.7,121.5,414.2,132.9,63.1,24.3
177.0,79.8,78.8,79.5,343.8,170.2,86.3,0.0
141.6,103.2,103.1,102.7,374.2,150.1,73.5,23.3
139.8,87.4,85.3,86.0,,138.5,61.5,30.0
166.5,124.3,121.9,123.9,438.9,166.7,84.7,26.6
147.4,69.0,68.2,69.5,302.9,142.0,,17.3
138.6,,88.8,88.8,339.1,134.7,71.4,27.2
164.5,107.8,106.4,107.5,400.8,162.0,82.1,31.1
244.6,130.0,131.2,131.3,502.9,239.4,115.2,13.5
198.6,98.5,97.6,98.7,401.2,197.6,92.1,25.9
187.9,90.0,88.1,88.9,371.2,185.9,90.8,47.9
146.0,135.4,138.5,137.6,460.8,155.3,,14.7
91.1,72.6,71.3,,272.1,85.3,45.5,17.8
175.8,57.1,56.0,,285.5,176.3,88.1,38.7
198.2,108.3,109.7,108.8,425.8,199.4,103.1,37.3
218.6,,90.4,90.0,392.7,213.2,102.6,19.5
109.6,79.6,81.0,79.6,300.9,113.0,59.4,22.1
145.6,115.4,113.7,114.2,410.5,143.6,74.0,25.5
70.5,105.9,104.4,104.9,,58.0,23.0,14.5
124.7,87.3,87.4,88.7,332.5,128.0,68.0,20.9
187.0,75.0,74.0,,340.0,181.4,91.0,19.2
135.4,117.2,118.4,117.4,410.9,130.2,66.3,26.7
188.5,113.1,114.3,113.0,428.5,191.9,93.4,
139.5,97.3,99.0,98.0,364.6,,72.7,10.5
184.7,138.7,135.1,136.9,481.1,189.3,91.1,28.6
,79.6,79.7,78.6,283.9,88.0,46.5,36.3
139.0,68.7,67.7,69.5,296.0,135.8,70.3,20.6
0.0,84.8,87.1,86.2,252.5,4.0,0.0,14.3
140.2,98.7,98.7,,367.5,136.4,74.2,30.9
70.9,105.3,105.6,104.9,340.3,82.1,41.7,20.4
,95.4,93.8,95.2,398.9,,104.2,43.6
192.4,108.3,108.2,107.0,415.0,197.5,94.2,25.7
160.8,75.8,73.5,75.0,321.0,165.0,88.9,28.1
240.5,129.8,128.2,128.9,496.3,242.1,117.4,22.3
101.7,98.7,97.4,98.4,341.7,98.3,52.2,27.1
248.5,121.0,120.6,122.3,488.2,247.7,120.9,32.2
200.0,106.7,106.9,106.9,,189.2,92.8,25.4
142.7,110.2,110.9,109.1,391.8,143.8,74.3,19.6
212.5,111.3,114.1,,441.3,214.2,110.2,20.7
,109.5,109.1,109.0,365.1,99.9,46.1,
115.2,112.5,114.0,112.9,,100.3,53.4,30.5
132.9,125.6,126.8,126.6,,126.6,66.4,25.1
125.5,103.8,104.4,103.9,370.0,121.8,58.1,
104.3,114.5,113.8,114.2,380.5,,57.7,23.6
210.3,97.5,98.4,98.2,,211.7,101.5,26.4
151.5,,129.3,,440.4,150.6,73.5,25.0
160.9,85.5,,86.5,348.7,164.1,83.5,22.6
139.5,137.1,135.9,136.0,454.3,134.4,64.6,54.7
58.6,98.9,99.1,99.2,319.2,61.7,31.6,24.1
149.2,72.8,72.2,71.4,310.7,151.6,76.5,27.0
55.7,104.1,101.5,102.6,324.0,57.6,28.2,25.6
139.8,86.3,86.3,86.4,,138.9,71.9,19.4
90.0,115.8,118.7,116.8,,99.2,48.9,36.8
242.8,84.9,,86.9,,245.3,123.3,22.2
191.1,89.6,92.4,91.1,380.0,186.3,96.6,34.6
136.4,60.8,62.2,62.2,275.8,137.6,71.2,15.4
208.7,92.3,91.3,91.0,390.0,212.5,108.6,14.9
83.4,51.6,52.5,,221.1,80.5,36.8,19.7
161.3,68.7,69.9,68.3,308.8,166.7,84.9,9.4
167.6,113.0,113.3,115.2,420.1,169.5,82.1,31.4
171.1,114.5,114.4,115.7,,159.4,75.8,14.2
217.9,109.4,109.8,,438.8,219.4,109.5,23.7
177.0,80.9,80.4,80.7,345.6,175.0,84.8,8.0
,98.9,98.4,99.0,382.7,166.7,85.7,52.4
67.2,100.5,98.7,99.9,324.8,71.9,38.4,4.7
90.4,78.5,76.3,76.8,288.6,91.4,40.0,19.5
158.9,129.8,128.7,130.1,449.5,167.2,81.1,38.9
163.4,117.6,119.6,117.5,423.2,162.5,76.9,
91.3,95.8,95.6,95.6,332.5,94.4,45.8,30.1
270.9,102.9,100.5,100.5,448.6,274.9,138.8,24.3
227.9,102.1,104.8,104.2,434.1,227.4,113.0,40.2
159.7,59.8,60.1,59.2,,163.6,80.0,28.5
151.1,94.9,,,363.8,148.1,,25.3
132.6,86.9,87.4,86.4,329.1,130.5,58.3,23.9
92.4,79.3,79.3,80.0,293.1,85.8,46.6,16.6
151.1,94.3,94.1,94.4,362.6,152.3,74.5,14.0
180.9,136.7,136.7,136.0,480.6,182.5,,
94.3,115.9,112.3,112.8,375.8,100.2,48.5,36.9
161.0,89.4,,88.6,353.6,165.0,87.1,
148.0,110.6,111.9,111.5,402.1,146.6,69.6,23.6
68.6,127.6,128.8,128.0,393.4,62.7,31.4,23.2
116.2,118.0,116.7,118.5,400.1,118.4,60.8,24.7
129.9,99.4,101.9,101.2,,,62.9,24.0
237.9,86.7,86.8,87.1,393.3,241.7,118.1,34.1
184.8,114.7,114.7,114.0,428.6,190.2,94.7,19.0
87.2,,108.6,107.9,,86.1,40.4,14.2
183.3,119.0,119.5,117.9,437.0,181.0,88.0,39.2
79.0,113.2,114.1,112.7,364.4,75.3,36.6,18.6
214.6,120.3,122.3,121.0,463.6,214.3,109.1,15.5
121.1,89.2,90.7,89.3,334.8,120.7,,16.9
158.5,127.9,126.6,126.3,443.2,159.5,83.0,23.9
218.3,104.7,104.0,104.0,422.9,217.7,105.8,41.7
106.4,141.5,142.4,141.5,441.4,105.7,49.1,36.3
73.3,86.0,86.9,86.2,296.8,69.4,40.5,31.3
138.2,134.8,134.4,134.7,449.1,142.9,69.5,35.7
203.9,103.4,104.4,104.0,414.6,204.3,98.2,35.2
67.5,84.9,86.9,87.0,290.9,66.6,28.1,12.7
3.6,92.4,89.5,90.3,263.5,0.0,3.2,16.2
124.2,93.7,94.9,93.6,344.2,117.5,57.7,12.3
181.8,108.9,108.5,,415.5,188.3,93.4,
215.2,110.4,112.5,110.5,439.2,218.0,108.5,33.8
121.1,87.8,86.9,88.5,333.6,113.0,59.5,23.0
129.2,99.3,99.0,,359.2,133.0,66.0,36.1
229.1,141.2,142.9,142.8,,233.7,123.9,19.8
73.8,136.8,135.7,134.6,411.3,74.4,37.6,30.6
134.9,107.5,109.1,108.7,387.5,142.9,74.6,
159.9,99.7,101.1,100.8,,161.0,82.9,
173.7,102.0,101.3,102.4,396.8,166.6,83.2,
130.6,113.6,111.1,112.3,393.1,132.4,64.5,22.5
141.5,79.6,79.9,79.5,320.5,142.7,72.4,26.5
23.0,93.6,93.5,94.9,286.2,20.0,,9.7
100.4,67.9,66.1,66.6,266.7,103.3,49.9,1.7
176.7,108.7,108.5,108.0,411.0,168.4,84.7,31.1
107.4,113.5,112.0,112.9,377.6,112.4,59.9,41.3
148.1,91.1,,90.3,351.4,143.7,78.1,12.6
188.1,133.9,132.7,131.5,473.4,183.2,94.2,40.9
120.6,77.7,73.9,75.5,300.4,120.0,65.6,20.5
143.9,70.0,69.8,70.7,304.9,146.1,71.1,6.9
104.1,106.1,,104.5,359.9,104.9,54.6,11.7
150.1,121.3,120.2,120.9,424.4,146.4,77.2,26.4
197.4,134.2,134.4,133.7,483.2,194.9,94.7,25.1
153.3,89.1,90.4,90.8,355.5,147.6,,9.6
131.5,121.4,122.0,121.6,415.4,130.4,70.4,8.8
160.8,98.4,97.7,99.2,375.7,166.2,80.2,15.3
184.0,97.4,97.3,96.5,387.0,184.0,88.0,26.3
,118.7,117.1,,357.7,60.6,34.9,22.8
214.5,111.0,113.1,113.0,446.3,221.8,114.5,22.3
117.4,68.5,68.4,68.5,281.2,114.5,58.5,21.1
186.0,130.7,128.3,129.5,465.9,185.1,92.4,
223.7,127.4,126.4,127.6,485.7,234.6,116.0,33.2
75.2,88.2,88.5,87.5,301.8,82.4,42.1,
118.5,108.3,108.3,107.9,,110.1,59.8,32.9
140.5,110.2,110.9,109.9,392.5,142.4,71.9,15.0
113.4,104.9,105.5,105.2,364.6,113.4,63.2,21.0
231.2,87.8,89.1,89.0,394.0,235.3,115.0,22.7
100.4,85.4,84.8,86.6,311.9,96.7,48.3,8.2
122.0,100.2,99.2,99.5,356.8,117.8,57.8,
171.9,123.5,123.4,123.5,443.1,168.5,81.0,6.4
95.3,110.7,112.8,110.9,364.8,92.4,45.8,42.4
126.5,92.2,93.3,92.6,345.7,130.6,66.5,12.9
173.6,115.1,117.0,115.4,425.2,167.7,85.4,42.1
104.9,44.1,43.6,43.0,214.5,101.8,57.4,16.1
156.8,122.6,122.3,123.0,433.7,147.9,75.3,32.3
106.1,63.9,65.3,65.2,264.9,111.1,59.0,13.4
70.7,,93.0,92.8,311.5,77.1,38.7,22.7
154.9,,76.7,,324.5,153.3,81.7,27.7
224.8,74.1,73.7,74.1,357.2,223.3,118.9,29.5
162.5,124.8,123.0,123.2,438.7,164.8,,34.7
156.6,90.6,92.3,90.6,360.0,164.0,79.0,19.3
188.1,,104.8,106.9,415.6,190.1,93.4,21.0
86.1,97.9,100.3,,336.0,82.6,42.2,5.9
239.9,109.3,108.6,109.5,450.2,231.8,117.3,32.7
160.9,102.1,100.2,101.5,382.1,155.3,79.8,34.9
218.8,72.8,75.5,74.3,358.5,219.2,,39.1
123.3,120.1,120.7,119.9,,120.0,60.0,28.6
236.0,,91.4,90.1,406.6,237.0,116.6,
173.2,,69.7,68.9,315.1,170.4,86.4,3.8
173.4,92.5,93.5,91.4,367.0,168.1,89.6,33.8
176.7,,130.6,130.0,459.6,170.8,88.5,10.0
146.1,118.5,116.8,117.0,409.7,153.9,78.6,22.1
206.5,92.0,93.4,93.0,392.0,210.9,108.6,22.4
153.5,93.2,94.3,93.0,,162.2,80.0,22.5
48.4,93.7,92.8,,298.6,51.1,24.0,20.3
114.9,140.5,140.9,141.5,451.8,112.8,54.1,29.0
144.5,108.6,107.3,107.6,392.7,151.1,75.2,0.5
169.8,110.9,106.5,108.6,406.9,,83.6,25.5
157.5,120.6,120.7,120.6,432.0,158.6,82.9,4.3
213.3,105.3,102.9,104.8,428.3,213.1,105.1,33.7
49.9,94.9,,94.8,302.5,35.2,15.2,14.6
155.2,95.4,96.9,96.1,367.6,163.2,87.4,1.8
58.4,96.7,98.1,98.6,317.5,60.9,29.1,12.7
187.6,98.5,100.9,99.3,395.0,189.2,95.1,19.0
152.6,113.2,113.1,114.6,407.9,152.3,77.5,37.3
171.5,102.7,102.2,101.0,393.5,172.3,82.7,26.6
114.1,114.5,115.3,114.7,390.3,111.1,59.3,
,98.0,96.7,98.4,409.2,216.3,110.1,37.3
202.9,102.5,104.3,101.6,408.3,196.4,102.9,24.5
159.2,58.9,60.0,60.0,283.8,160.1,78.0,26.7
152.7,117.6,117.4,118.3,419.6,155.5,78.1,32.8
,107.0,105.5,106.9,409.7,181.5,90.9,12.6
124.6,121.0,119.7,120.0,406.3,126.5,64.0,40.0
163.8,42.6,41.9,42.1,249.4,158.8,75.1,
253.4,142.0,141.9,141.8,536.7,248.6,124.6,41.0
202.1,97.3,96.9,97.2,402.5,203.3,97.4,10.0
124.6,122.6,122.8,,410.0,128.0,65.1,31.5
,79.4,78.8,79.2,330.1,148.3,67.8,40.1
91.5,111.2,110.3,112.3,369.8,94.1,,21.4
168.1,79.0,78.8,78.9,337.2,165.4,85.1,19.3
166.3,86.5,85.2,87.5,358.1,165.3,81.0,
75.6,138.4,138.6,138.3,421.2,,31.5,22.8
90.0,95.7,95.2,96.2,333.5,85.7,46.7,39.9
138.0,106.9,104.5,104.3,379.9,142.8,72.4,25.9
143.7,117.4,118.7,117.4,414.3,143.9,74.5,22.5
94.5,108.5,109.0,109.9,363.9,92.6,45.8,17.8
171.0,102.9,104.1,103.0,394.7,170.4,93.2,15.4
166.2,107.8,106.9,107.3,403.8,168.6,82.5,18.9
164.3,149.7,149.8,,500.4,166.5,88.5,26.5
111.6,98.3,98.5,98.8,350.5,,55.4,17.6
204.4,102.4,,104.0,,209.9,100.0,19.2
243.3,121.8,121.7,,483.4,248.2,125.5,50.2
136.9,120.7,121.7,122.1,414.3,139.0,70.4,15.4
131.3,123.3,122.9,123.7,416.5,131.6,,27.3
,112.5,112.3,112.8,424.9,184.2,89.3,32.2
120.7,77.1,77.1,,303.7,122.3,61.1,26.5
,133.4,134.0,132.7,458.9,164.7,83.4,27.4
175.5,76.4,75.1,77.1,336.3,180.0,82.6,19.4
57.6,105.8,106.1,106.1,,,29.4,26.3
208.4,84.9,85.5,84.9,373.0,203.0,100.0,26.3
153.0,98.9,98.9,98.7,375.0,,70.8,21.2
132.7,106.7,107.9,106.6,382.2,137.6,71.6,8.5
148.8,106.9,106.4,106.4,391.9,140.9,70.4,19.9
152.3,109.3,,108.4,400.5,154.3,80.8,13.6
79.6,132.7,132.9,132.3,409.2,81.4,42.0,18.8
229.3,109.5,109.2,109.1,444.6,235.1,117.6,27.6
149.6,93.5,,95.1,359.8,150.5,74.8,26.6
181.8,119.3,119.8,119.3,438.4,175.1,89.0,44.7
209.5,124.3,123.1,123.8,466.3,204.7,101.1,22.9
86.7,76.2,74.8,75.4,,80.8,37.8,26.8
179.6,111.3,111.4,111.9,419.4,176.9,90.3,29.0
143.6,113.4,,114.0,405.6,142.7,70.9,38.2
189.4,93.5,90.8,94.0,384.3,183.6,91.9,30.0
57.4,128.1,127.9,127.5,383.9,,35.6,14.1
143.5,98.0,97.0,97.0,364.9,136.9,68.1,6.0
121.1,102.1,100.8,102.5,362.6,127.8,64.0,26.2
169.9,97.4,96.8,96.5,378.2,,86.1,18.6
173.7,100.4,100.8,100.3,386.6,178.2,90.4,14.5
103.7,78.0,78.7,78.1,295.2,100.2,51.2,7.1
100.0,71.0,68.5,71.2,276.2,101.7,53.6,20.4
160.4,132.6,133.3,131.9,455.4,154.0,75.3,42.8
96.7,83.4,82.3,83.1,304.1,101.3,49.3,16.1
182.2,82.4,80.9,80.2,349.8,181.8,93.3,28.4
110.0,56.1,57.7,56.9,250.0,108.0,54.7,16.5
0.0,87.7,86.3,87.2,257.1,0.0,0.0,5.0
118.0,73.0,74.2,73.5,294.7,105.6,56.7,27.1
114.5,132.0,132.5,132.8,430.0,109.3,49.6,15.6
78.5,120.2,118.1,120.2,378.5,84.1,44.4,24.1
81.2,86.4,,,,79.2,35.8,16.7
178.0,148.0,144.3,145.0,,177.2,94.2,38.9
226.2,119.5,118.8,119.6,469.6,229.5,110.1,17.9
162.4,92.4,93.1,93.5,369.2,171.4,89.2,27.4
94.7,,50.3,50.0,223.3,101.3,50.4,7.8
195.7,143.7,145.8,145.8,509.3,190.8,94.3,25.4
113.1,72.1,72.8,72.2,288.9,103.4,52.2,0.0
,67.1,,67.1,269.0,110.6,57.2,39.4
102.5,121.2,119.7,120.5,396.6,113.8,54.2,30.3
86.8,149.8,148.7,148.8,451.9,87.7,41.4,19.9
144.3,127.2,129.6,127.7,434.1,137.9,70.9,15.5
163.5,111.1,111.2,111.3,407.6,168.3,79.0,20.4
151.1,111.1,113.0,111.9,404.0,,73.5,32.4
137.7,115.9,117.1,117.1,408.1,137.1,77.7,6.5
110.3,,114.7,115.2,384.7,114.8,54.5,22.8
183.2,104.4,105.4,105.6,407.8,184.9,95.9,43.1
85.2,101.7,101.9,102.1,,79.3,37.9,10.8
188.2,97.8,99.4,98.7,392.4,186.6,94.8,25.4
,85.5,86.3,84.9,307.4,95.6,49.8,42.4
109.6,96.2,94.7,94.4,337.4,112.2,59.5,28.2
59.7,64.8,67.3,66.1,243.5,61.0,29.9,18.4
123.9,96.2,97.1,98.0,353.1,128.6,70.3,27.7
,80.1,79.8,80.2,,187.1,91.8,18.5
164.7,77.9,77.2,77.9,331.0,165.6,83.5,34.5
200.7,103.8,103.9,103.6,,183.8,92.6,21.7
190.0,127.4,127.5,127.8,463.5,187.8,90.5,8.6
104.0,118.2,119.1,,390.1,107.8,,20.6
117.8,69.0,67.7,68.6,282.6,115.8,58.4,9.5
101.1,81.2,80.3,80.2,299.1,98.8,48.1,17.1
225.9,116.9,119.5,118.8,464.1,220.7,117.7,25.6
,80.0,78.3,80.4,283.4,85.3,40.1,31.1
192.4,95.7,,95.5,390.9,195.1,101.1,31.5
200.1,,110.7,111.0,430.5,204.2,104.7,29.2
231.8,82.4,78.6,,382.2,223.2,,24.1
130.6,101.5,102.3,102.1,366.2,129.8,,12.7
172.3,73.3,73.4,73.3,322.0,170.9,83.1,0.0
258.1,88.5,87.9,88.0,413.0,256.7,126.8,26.8
122.3,105.8,107.4,106.4,374.0,119.2,54.3,31.6
57.3,66.3,68.9,68.1,242.0,55.6,24.8,16.0
60.4,108.4,109.1,108.8,338.8,64.6,27.9,16.6
185.4,100.6,100.1,99.6,398.7,175.8,92.0,29.6
61.4,110.7,110.9,111.0,350.5,70.3,37.0,21.7
133.6,103.6,106.3,104.5,370.6,136.0,,40.4
185.5,128.2,125.8,127.3,459.7,185.3,94.4,40.3
160.5,102.2,102.6,102.5,390.4,165.0,83.0,34.1
167.0,90.9,91.5,91.4,363.9,,84.3,30.8
162.3,102.6,103.3,102.4,387.3,159.0,77.7,11.5
219.4,111.6,110.0,110.9,441.8,218.8,109.7,33.7
102.9,103.4,99.2,101.0,347.4,109.7,57.1,26.1
116.6,101.6,101.0,100.8,353.7,116.4,54.2,28.7
104.3,87.1,86.2,86.0,317.1,106.6,62.6,25.8
184.9,86.2,88.2,86.7,361.0,182.0,,27.6
181.0,70.9,70.7,71.9,327.8,183.4,92.1,48.4
190.1,135.1,136.1,135.0,483.1,198.5,103.0,28.4
196.7,75.2,77.5,75.1,341.8,201.7,103.6,31.5
,85.1,85.8,86.1,300.7,,42.0,15.3
226.2,85.5,84.3,,389.3,229.6,115.2,32.4
235.1,118.3,117.5,117.9,469.3,238.0,114.5,37.9
183.8,94.5,94.1,94.1,380.3,186.3,91.5,27.7
251.6,125.5,,125.0,497.2,257.2,130.1,46.6
60.4,86.8,,86.5,292.1,65.9,34.3,10.8
126.6,105.1,107.1,105.6,374.5,126.0,66.6,18.9
104.9,,82.2,83.3,306.7,108.1,53.7,
207.5,141.7,141.2,142.9,,205.6,98.6,39.3
85.6,78.0,77.4,76.2,281.7,81.0,43.7,20.9
191.0,106.2,103.9,106.2,413.7,189.7,99.1,38.5
224.9,112.5,112.5,,451.5,224.5,115.0,21.0
188.9,107.3,111.4,108.3,414.6,,89.8,14.3
162.3,99.2,96.3,96.3,371.6,166.6,86.4,26.7
99.3,96.3,96.3,97.4,338.5,85.5,53.0,21.2
108.1,100.4,100.8,100.9,350.8,121.7,61.2,28.0
211.0,97.5,97.0,97.1,403.6,218.5,105.3,24.9
,119.9,119.4,119.3,446.1,197.3,96.9,23.9
170.2,145.2,144.9,144.2,491.3,170.2,87.0,28.8
123.5,90.7,87.8,88.9,333.3,125.0,57.7,22.0
35.0,73.1,74.3,72.6,243.2,32.1,16.5,14.1
95.6,97.2,98.5,98.2,338.0,96.6,49.4,19.9
271.4,151.3,152.3,151.6,568.8,270.7,139.9,29.4
77.9,84.2,83.3,83.9,296.4,77.4,42.6,28.4
175.9,134.9,134.1,132.8,465.6,176.8,91.0,30.2
,132.2,133.3,133.6,494.8,210.5,98.8,52.3
81.7,90.1,89.2,88.9,305.0,81.9,43.7,21.9
164.9,,110.4,111.4,409.0,165.7,85.0,19.9
213.2,133.4,131.6,132.6,487.2,213.8,107.7,56.1
146.8,92.3,93.1,92.4,356.8,145.7,67.7,27.0
291.4,95.1,95.5,95.9,449.9,297.1,146.2,
60.8,89.1,87.5,88.4,294.3,59.0,26.0,25.6
192.8,80.4,79.1,79.7,350.9,,90.9,28.8
134.9,88.0,87.7,87.0,335.1,141.4,,27.1
,75.5,74.9,75.5,331.7,176.0,85.6,10.6
172.4,,100.6,100.7,390.6,173.5,94.6,
105.6,83.0,84.6,84.6,309.7,105.1,52.1,7.2
163.8,105.5,102.8,104.7,397.1,170.0,88.9,23.1
41.5,69.3,67.4,68.9,233.5,40.2,15.4,9.4
183.5,105.7,107.0,106.6,408.7,189.9,93.4,29.0
173.2,116.1,115.9,116.7,431.3,172.7,86.6,29.9
162.0,59.7,61.2,,287.5,157.7,76.1,24.2
206.6,106.0,108.4,107.5,423.5,210.0,103.7,29.0
180.7,123.7,125.3,124.6,451.3,179.2,88.9,21.5
145.3,74.7,77.6,75.8,314.1,148.4,73.5,18.1
122.7,133.0,133.4,133.5,435.4,109.1,60.1,36.0
118.6,107.6,109.0,108.4,373.5,118.6,60.4,34.4
202.3,84.3,85.3,85.9,378.3,200.0,101.4,12.4
221.3,100.9,101.3,98.9,415.4,216.0,109.6,10.5
143.7,112.4,113.2,111.2,394.1,140.9,72.3,17.4
153.1,100.7,101.5,,383.2,150.2,74.9,34.6
110.2,111.0,111.2,110.8,377.7,110.0,54.0,36.0
199.4,82.0,82.9,81.6,360.0,192.6,96.8,13.8
185.0,104.6,103.2,103.4,402.4,186.6,96.8,28.2
232.9,70.9,71.1,71.7,359.4,239.7,123.2,
105.0,98.9,98.6,97.8,342.6,106.4,52.5,26.3
122.1,81.4,82.0,81.9,311.7,126.1,65.4,34.8
154.2,84.0,85.5,,346.1,159.7,79.3,32.3
194.7,125.4,123.9,124.7,459.2,,100.5,
150.1,123.1,120.1,121.8,429.7,159.5,78.3,24.6
112.4,114.8,112.4,112.2,384.4,109.9,54.4,24.6
183.1,77.0,79.1,78.2,341.2,179.5,93.8,23.1
182.9,94.4,93.4,93.7,382.1,186.8,93.7,33.3
116.3,123.9,125.7,124.3,410.5,119.8,60.3,29.6
219.2,103.6,102.1,102.8,419.6,223.1,107.2,0.0
231.7,144.9,145.3,146.4,531.7,241.1,119.6,18.5
160.6,106.6,107.8,107.9,400.3,160.7,79.6,3.1
155.9,103.1,103.8,103.8,386.4,158.0,76.5,26.1
,93.9,94.6,,374.7,169.7,,
108.3,102.0,101.9,102.7,358.3,119.0,58.2,25.7
150.0,97.6,98.3,97.0,368.3,148.3,74.4,13.8
49.5,115.2,,114.2,346.7,48.0,24.3,29.1
203.4,119.7,119.1,119.1,453.6,201.7,98.0,34.8
64.1,85.9,85.5,84.3,287.4,60.9,29.2,6.8
211.9,73.8,72.3,73.4,344.6,208.3,104.4,7.6
115.1,62.1,64.4,63.3,268.3,112.5,59.8,18.4
144.5,111.5,111.2,,396.8,137.7,69.6,42.8
107.6,77.3,78.8,77.9,297.6,103.7,49.9,36.9
114.1,57.9,56.9,56.9,254.3,123.8,63.1,23.3
224.8,109.3,104.8,107.8,437.1,228.5,119.4,19.6
50.5,150.3,149.2,149.9,433.3,55.1,30.3,35.5
213.8,98.4,99.3,99.9,409.4,219.7,111.5,20.9
,115.9,115.8,116.8,430.1,,94.4,18.8
90.5,103.0,101.8,101.6,347.4,81.6,45.1,0.9
95.2,97.9,97.6,98.0,335.4,89.1,47.8,22.8
243.0,118.5,117.6,118.4,472.5,239.0,121.2,22.3
99.8,95.0,93.1,94.2,330.0,97.5,51.9,22.5
95.0,106.0,104.6,105.3,355.0,93.5,43.5,0.0
210.1,106.7,107.6,106.4,424.2,207.9,99.4,27.9
160.2,86.4,86.0,86.6,350.5,161.3,81.1,0.0
113.0,119.5,119.3,119.8,401.0,113.2,56.8,35.9
159.1,97.4,96.0,96.5,373.5,155.5,,28.9
91.2,85.4,85.2,84.9,300.8,80.3,42.6,17.3
210.4,,111.2,110.7,438.4,205.4,97.1,32.5
194.1,83.1,79.0,82.0,361.3,191.4,94.1,13.3
176.9,100.4,101.6,100.6,394.1,175.7,86.4,25.4
168.0,99.0,101.3,99.8,385.9,162.4,76.3,32.2
248.9,121.0,120.7,121.7,485.5,246.4,127.7,0.0
154.7,108.5,108.5,,401.9,149.0,70.4,20.6
90.7,99.2,99.0,99.5,342.0,90.1,43.3,21.9
180.7,117.6,115.6,116.4,430.3,175.3,90.4,24.6
,127.0,128.0,127.8,513.2,264.0,133.9,45.2
104.8,111.3,109.2,111.2,373.9,98.3,45.8,12.5
132.0,99.6,99.1,100.2,364.2,131.2,67.7,17.0
157.7,73.5,75.3,73.8,314.9,153.4,77.6,1.6
136.7,77.2,77.8,78.7,315.9,141.2,77.6,35.9
97.8,93.7,95.1,93.9,327.4,99.8,51.1,18.9
200.0,,88.2,87.8,375.4,199.7,99.4,19.4
264.1,96.8,94.5,96.3,432.6,260.1,127.5,26.1
160.4,101.4,101.8,101.1,383.1,,78.9,30.5
110.1,109.4,,110.6,374.8,113.6,54.3,27.2
71.8,99.7,98.1,98.6,325.3,72.5,40.4,47.7
167.8,109.9,110.0,109.7,405.4,,88.0,29.8
205.8,101.5,101.8,101.3,408.7,208.1,105.7,20.8
,60.5,61.2,60.5,285.3,158.6,83.8,13.7
,80.7,82.4,,323.5,141.2,63.5,17.2
119.1,97.3,97.5,97.1,351.9,122.5,65.1,
83.3,76.3,74.4,75.8,278.6,79.3,39.8,19.3
197.7,110.3,111.5,112.0,432.5,195.4,99.0,34.5
211.0,130.1,133.6,130.6,486.3,212.7,,23.2
84.9,124.1,125.1,124.4,392.6,86.6,41.0,
227.4,96.0,98.1,95.7,410.4,229.9,116.4,40.7
193.6,131.0,131.2,129.8,473.4,199.1,106.7,14.4
221.5,102.2,103.2,103.0,425.7,214.4,,
79.5,92.8,93.6,93.3,316.4,74.6,,9.3
75.6,87.2,87.7,,304.1,76.7,37.8,4.8
139.5,93.1,92.2,94.0,353.7,135.9,66.1,26.5
171.3,91.9,92.3,92.2,369.5,,,19.9
241.5,104.2,104.6,103.4,438.3,244.1,120.6,24.7
186.9,102.2,102.6,103.2,402.5,186.5,87.1,36.7
137.9,100.5,100.5,100.1,368.2,135.3,65.5,16.5
103.1,107.0,109.6,108.7,369.7,100.7,48.7,31.2
223.4,123.3,122.9,123.8,475.7,223.6,111.2,43.9
,118.7,118.5,,396.3,111.9,56.3,20.3
216.6,72.0,69.3,70.3,345.3,214.3,108.2,
110.2,48.6,,48.9,231.6,108.8,54.4,14.2
238.9,116.5,117.4,118.7,473.0,245.6,121.1,37.9
170.3,70.7,71.8,72.7,323.5,177.2,82.7,5.5
140.9,95.5,96.9,95.5,358.4,142.2,69.4,6.5
112.3,,75.7,76.6,298.2,105.6,49.9,16.0
114.9,64.3,64.1,64.0,270.3,117.6,60.2,9.6
176.8,111.0,110.3,110.8,414.6,,95.0,20.6
161.4,116.3,116.4,115.2,418.3,168.2,86.9,23.7
114.5,87.9,89.8,88.5,322.2,118.2,61.4,28.3
,49.1,49.0,48.2,234.0,122.9,61.1,12.6
148.5,87.4,89.4,89.1,349.3,148.8,72.8,14.2
47.5,106.9,107.6,107.8,333.1,50.6,23.1,18.1
158.1,68.6,69.2,70.4,309.0,154.7,72.8,12.8
102.8,103.4,105.6,103.7,356.0,104.3,55.1,13.5
92.2,99.6,98.9,99.7,342.4,98.8,48.9,6.0
71.4,111.7,112.2,111.6,,68.5,30.5,23.6
61.5,102.5,103.5,102.4,327.5,57.2,26.1,15.7
72.5,79.6,80.0,80.5,282.7,73.0,33.9,28.8
126.5,123.7,125.0,123.9,419.4,,62.8,11.5
,95.3,97.6,96.8,421.8,249.3,127.9,20.7
123.4,100.8,101.2,99.5,357.6,121.1,59.5,
149.6,81.0,80.9,81.3,333.4,158.2,72.3,12.3
165.6,90.6,89.8,91.1,365.3,159.2,79.0,20.9
147.7,,81.8,82.3,333.2,154.0,76.5,9.5
144.4,95.3,96.7,96.5,360.1,140.6,69.6,9.5
107.4,133.1,134.3,134.2,429.4,98.4,47.3,41.9
208.8,71.5,72.2,72.6,344.3,210.0,105.6,23.9
224.2,67.7,65.8,67.7,344.2,222.9,111.7,23.5
80.6,129.9,129.9,129.4,401.0,75.1,37.5,8.1
96.7,96.6,97.8,95.8,331.5,88.3,45.4,25.2
129.3,,87.1,86.6,327.8,129.3,63.3,33.0
112.2,118.5,121.4,120.8,403.0,117.1,57.1,36.6
169.2,88.5,88.5,87.9,357.5,172.1,90.2,29.6
131.8,136.0,,136.5,450.1,132.1,67.7,16.2
265.0,113.0,114.5,113.6,475.7,267.4,136.2,31.9
204.6,89.6,90.6,90.2,382.6,,105.9,30.8
182.2,142.2,142.8,143.1,492.9,175.1,89.1,11.7
195.3,89.6,87.1,87.9,372.2,188.2,96.9,12.4
212.7,115.7,114.6,114.8,446.3,211.7,101.1,36.2
124.8,106.0,,106.0,374.7,124.0,62.6,32.5
122.2,127.4,125.7,126.0,418.3,126.5,,
169.5,,131.5,131.2,463.2,173.3,91.7,36.1
193.4,99.3,101.1,100.6,404.2,196.4,101.0,26.2
149.4,82.8,85.8,84.9,340.2,148.0,72.1,29.8
75.7,108.5,110.5,109.2,351.7,68.8,35.5,16.2
,86.6,86.5,86.4,318.1,105.2,53.1,27.4
166.4,140.4,139.0,140.3,479.0,,85.9,37.4
147.6,102.9,102.4,,379.9,135.7,64.8,20.5
245.0,91.3,92.7,92.7,414.7,240.8,121.5,25.9
82.5,104.5,101.9,103.7,344.8,79.0,38.8,15.8
161.8,73.3,74.4,73.1,320.2,162.4,82.0,37.5
214.7,81.3,80.7,80.6,367.5,210.7,103.2,22.2
275.6,122.1,124.4,124.0,505.2,275.4,135.9,21.0
123.2,87.2,88.2,86.9,329.5,122.1,64.6,14.3
164.1,77.9,78.4,79.1,335.3,163.3,78.5,23.0
183.9,110.3,111.3,110.7,419.7,180.3,87.2,33.5
171.6,124.2,123.6,123.7,440.7,168.4,84.0,13.7
152.2,114.5,114.2,114.4,409.7,146.8,71.1,
181.8,119.1,119.1,119.9,441.8,183.7,89.2,30.2
15.8,84.9,86.5,84.9,262.6,18.7,9.6,22.8
169.9,70.0,71.2,,317.2,166.0,78.5,19.9
171.3,131.2,130.7,130.0,457.9,178.9,86.4,28.1
135.6,93.3,91.7,93.5,350.3,134.0,73.2,21.0
249.8,96.1,,95.0,426.2,257.5,,36.5
129.5,126.0,127.6,126.6,425.0,126.3,60.9,26.2
135.4,110.6,111.2,111.1,390.4,125.3,63.9,32.2
254.1,108.4,108.9,109.1,459.8,256.1,129.8,
130.0,144.2,143.7,143.3,464.3,131.2,68.6,30.2
116.1,86.4,89.4,87.1,321.8,,57.8,13.1
151.9,119.2,116.8,118.6,418.1,148.7,77.3,38.1
192.6,100.8,101.9,101.1,406.6,192.4,90.1,17.0
163.1,103.4,104.5,,395.6,160.5,77.1,21.5
100.7,130.0,130.5,130.6,417.3,99.2,50.1,22.7
128.5,109.0,109.9,110.2,385.1,132.7,67.3,20.7
125.0,110.8,110.3,110.8,385.9,,60.2,31.5
,120.3,121.4,121.5,429.7,159.9,80.8,23.3
167.6,93.6,91.6,92.7,369.2,166.4,81.3,37.4
162.5,83.1,84.2,83.2,343.3,160.8,79.6,14.0
50.8,78.9,77.3,79.1,267.9,45.0,25.6,20.1
183.5,61.3,61.2,,303.0,181.6,93.6,12.4
183.2,142.1,140.8,141.1,489.9,166.6,80.3,33.7
208.2,77.9,76.8,77.9,356.8,205.2,99.5,22.7
170.0,94.8,95.8,95.6,372.4,169.6,83.6,22.1
202.3,92.7,92.9,94.5,396.8,205.1,102.5,36.7
176.4,105.5,106.2,106.1,406.8,175.1,85.6,18.8
225.5,115.7,114.9,116.3,,227.2,116.7,33.7
184.7,117.3,117.7,117.2,435.8,173.8,87.9,19.1
139.3,88.0,87.4,88.3,339.7,139.0,70.7,23.1
262.0,97.3,96.2,96.7,437.6,253.6,,14.9
197.3,105.0,105.9,,,191.3,99.1,19.1
176.2,95.0,94.3,,,175.3,79.2,
,133.3,132.1,132.1,422.0,108.7,,44.2
90.5,110.2,108.3,109.8,364.1,92.4,49.0,24.2
172.0,114.6,115.3,114.7,422.5,172.1,84.7,42.7
163.9,112.7,115.0,113.3,410.9,163.8,85.7,27.7
131.0,122.8,126.3,123.5,418.2,127.4,63.5,22.0
158.9,102.8,103.7,103.6,386.6,156.2,78.3,39.7
216.5,73.5,74.9,74.1,354.0,218.6,110.3,27.1
188.8,108.7,106.2,108.0,420.1,181.9,100.5,19.6
86.4,86.8,88.5,87.0,302.8,89.4,,24.8
139.1,88.1,90.2,89.4,341.7,137.2,,19.2
115.6,113.5,111.2,111.7,381.3,119.7,57.1,4.2
,125.1,126.0,124.8,428.4,147.8,74.3,35.8
129.5,99.0,100.2,100.4,364.8,121.1,58.1,34.2
129.2,105.7,105.7,106.2,376.5,126.3,65.6,42.2
104.3,134.2,134.5,134.0,428.5,100.0,50.4,30.6
146.0,106.5,103.8,104.8,383.1,136.9,65.1,
148.0,150.9,153.1,152.0,496.2,142.8,71.7,38.2
9.2,112.3,110.3,111.3,318.9,21.4,8.2,29.4
235.0,66.2,63.7,64.8,342.2,238.0,119.5,38.5
212.0,114.4,114.2,115.1,448.9,221.6,108.2,27.0
135.0,107.3,108.4,107.6,384.0,139.1,69.7,22.5
,124.8,125.2,125.8,445.7,160.1,82.3,20.1
98.1,113.3,112.1,113.5,,96.2,47.9,29.1
233.4,97.2,96.6,97.2,419.3,236.3,117.0,10.5
232.6,76.2,75.5,75.5,367.1,234.8,118.0,31.1
155.7,96.9,94.6,95.8,368.7,,78.5,29.3
,82.2,81.8,,360.9,185.2,89.3,28.9
153.0,86.4,90.5,88.4,350.1,169.4,85.5,23.9
89.0,,110.9,,363.5,88.3,48.1,38.5
146.1,133.7,133.1,133.4,454.1,144.5,74.0,36.4
160.5,108.1,107.5,107.9,396.2,161.1,80.7,18.7
115.3,75.8,75.7,76.1,296.5,114.1,59.0,13.9
143.5,109.0,109.5,108.9,391.9,144.1,73.4,15.8
157.4,125.4,124.9,123.9,437.0,163.8,84.2,32.4
139.9,88.2,87.5,87.8,343.5,139.3,63.6,12.2
151.3,96.9,96.1,97.3,365.6,145.5,,34.1
97.1,99.8,101.6,100.3,342.9,96.3,51.2,35.4
106.3,84.1,84.2,84.3,307.6,104.0,47.5,11.6
92.3,114.6,114.7,113.0,371.5,,50.9,21.7
197.7,97.4,95.3,,398.3,203.6,100.7,
48.9,108.4,108.6,108.4,337.3,49.4,21.7,30.7
198.8,81.8,84.2,82.3,362.8,192.4,97.3,39.2
214.9,92.3,90.9,91.3,395.8,208.8,105.0,7.9
142.1,116.4,114.2,114.4,406.0,142.2,77.4,22.1
16.1,93.0,92.8,92.5,276.4,17.8,7.0,16.2
,134.6,134.0,134.5,452.9,147.3,78.0,13.6
142.8,92.0,,92.0,352.4,140.4,71.3,17.8
101.7,102.1,104.2,104.5,352.9,98.7,47.4,26.9
133.6,119.4,118.0,118.7,411.8,133.5,69.1,22.8
212.3,71.8,72.9,71.6,345.5,200.4,101.9,6.8
,65.2,65.2,64.8,304.2,160.1,80.2,49.0
88.5,68.8,69.7,69.5,265.2,85.4,43.5,20.9
82.7,124.9,126.1,125.3,394.5,88.7,42.6,25.8
128.1,88.6,,89.0,336.2,124.0,59.5,10.8
164.9,152.2,150.4,151.2,504.4,165.8,85.2,
169.2,88.3,,88.7,359.0,170.3,,21.3
125.1,105.8,103.7,103.7,370.1,131.6,65.6,4.6
191.0,131.3,129.8,130.8,470.3,197.3,99.5,17.8
266.8,138.8,139.6,140.1,536.6,,134.1,39.8
211.4,141.1,140.7,141.2,511.1,209.0,100.2,50.0
159.7,123.5,126.3,124.2,439.0,156.4,82.0,30.6
151.1,118.3,117.7,120.5,423.1,149.9,75.3,37.2
138.1,113.5,111.7,111.9,399.5,135.9,67.4,23.4
216.8,116.3,117.3,115.6,451.4,219.6,111.1,26.7
113.1,89.5,89.1,89.0,329.8,115.2,58.3,32.4
144.1,83.8,84.4,83.6,333.4,147.1,,38.3
152.5,98.6,100.0,99.9,373.9,158.8,81.0,36.7
,96.1,95.9,96.6,354.4,132.5,68.4,12.1
76.8,91.8,88.7,90.9,311.9,77.4,42.8,19.9
173.1,112.9,114.1,113.9,421.1,178.6,91.9,28.8
156.5,116.6,118.3,119.1,424.5,154.7,76.9,23.6
175.9,101.5,101.0,101.8,393.8,181.8,87.5,28.6
138.1,129.4,129.1,129.6,438.9,143.4,76.7,35.2
199.6,77.3,78.9,77.2,,204.6,101.6,32.4
104.2,96.9,98.5,96.1,336.7,104.7,50.9,38.7
228.4,86.3,85.9,85.7,390.5,225.1,107.3,21.2
44.0,62.9,62.2,62.7,223.2,37.0,19.5,2.5
,99.5,97.2,98.3,384.4,170.7,85.8,27.8
172.6,96.0,98.0,97.6,379.7,180.3,85.6,42.8
125.4,130.8,132.1,130.3,435.3,123.9,63.3,22.0
177.5,113.2,112.4,,423.7,181.4,89.2,33.1
,78.3,77.1,79.5,358.2,207.9,112.0,29.9
57.7,135.6,137.8,137.1,405.5,56.3,26.4,27.2
187.3,123.7,125.4,124.4,456.7,193.9,95.6,27.9
,111.0,110.1,111.6,334.7,16.7,5.7,12.5
99.5,96.2,95.6,95.5,336.2,93.4,50.5,0.0
221.9,80.2,81.3,80.8,377.2,217.3,107.5,12.7
117.2,91.7,92.5,92.6,335.7,113.1,54.4,17.9
102.2,121.2,121.0,121.8,395.6,103.9,54.1,35.8
158.9,138.8,138.7,137.7,467.0,160.4,76.0,27.3
268.8,130.9,130.5,130.9,519.7,270.8,137.3,25.8
,90.0,88.7,90.2,294.4,56.5,33.6,10.8
86.2,77.5,75.6,77.6,283.7,81.4,42.4,25.8
226.3,104.1,104.1,102.8,429.5,220.2,112.0,40.1
225.2,63.9,,64.6,339.3,227.2,116.2,32.6
148.1,,106.6,106.5,,144.9,77.6,30.4
86.6,97.3,96.6,97.0,328.9,78.7,43.0,6.7
250.1,90.5,90.2,90.7,414.7,255.0,128.8,22.2
213.8,70.6,67.0,68.1,338.1,220.8,113.1,41.4
189.1,109.2,109.8,110.3,420.7,196.9,95.8,37.3
104.1,89.0,87.2,89.3,324.2,105.0,54.8,
135.8,75.4,75.9,76.6,308.5,138.9,66.4,19.9
113.3,43.5,42.2,42.6,217.6,120.1,59.0,19.5
166.3,101.1,100.1,99.4,384.7,163.1,72.3,16.6
240.3,,135.4,135.4,511.8,245.9,124.1,
210.6,134.4,134.0,133.2,491.4,212.0,104.1,30.6
91.6,90.7,92.2,90.9,317.3,96.2,,13.0
212.8,87.6,89.0,,387.1,213.7,,16.5
170.3,107.7,109.8,109.4,408.5,176.8,91.8,21.9
174.4,82.1,80.0,80.0,344.7,175.5,84.5,20.9
226.3,106.5,105.1,106.0,436.6,218.9,112.6,26.7
102.1,114.8,116.1,115.3,380.9,109.4,61.0,15.2
160.5,125.9,126.2,124.5,435.3,155.8,,24.6
122.4,97.0,98.3,98.0,354.2,128.7,66.7,5.1
69.6,96.3,97.8,95.9,317.5,69.1,35.1,
158.6,82.3,80.9,82.4,339.9,164.5,80.7,0.0
267.3,84.1,82.3,83.5,406.2,273.0,138.8,22.4
55.7,95.4,96.3,,307.0,57.9,24.4,29.5
152.1,105.9,,107.3,397.1,154.6,76.1,14.3
191.2,118.3,119.6,118.3,439.8,193.3,91.3,34.2
148.1,85.0,83.9,83.9,337.9,138.0,66.9,33.5
,129.8,129.0,129.9,449.5,159.9,81.9,0.0
,95.4,94.4,94.6,321.2,76.7,39.9,19.5
161.4,98.5,98.0,99.6,379.8,162.3,81.3,0.0
104.7,85.0,83.9,85.1,311.0,99.0,50.0,19.4
16.3,50.9,52.5,51.5,181.8,10.4,0.0,14.0
218.6,118.4,118.6,117.7,460.7,226.6,112.2,3.2
205.3,114.8,115.1,114.7,443.8,210.6,103.3,46.4
149.8,95.1,92.7,94.4,362.0,149.8,72.9,26.0
162.1,102.4,101.0,101.3,383.8,163.0,83.3,15.7
208.9,111.0,109.1,110.3,435.8,207.7,101.2,41.4
145.6,,69.9,68.7,303.4,148.4,72.4,2.2
189.9,88.4,,89.4,373.0,186.5,87.0,
143.1,115.9,114.8,115.9,407.4,148.1,73.2,2.4
203.1,74.4,74.9,74.9,346.6,201.8,97.7,40.3
169.0,105.5,105.2,105.9,399.1,166.9,83.7,28.3
146.1,72.5,74.4,,303.4,146.2,70.3,26.8
91.2,108.3,108.6,109.3,,88.2,,26.1
164.0,97.3,97.9,99.3,379.4,165.6,82.4,29.7
92.3,67.0,65.5,67.7,260.9,89.6,49.8,18.8
129.7,123.5,123.3,123.3,419.1,132.0,67.5,28.7
101.9,84.0,84.7,85.3,309.0,108.0,48.5,21.5
88.6,83.8,82.4,83.8,299.3,85.0,38.7,13.9
258.2,105.9,105.2,104.0,452.9,257.5,128.9,27.2
228.1,124.0,123.6,123.0,473.3,230.4,112.4,31.4
235.9,81.3,79.7,79.7,376.2,,108.0,24.9
89.5,101.6,102.6,101.2,342.3,91.8,50.0,7.3
157.9,109.7,109.2,108.6,402.5,160.7,82.5,11.7
92.3,113.1,113.0,113.9,369.5,97.7,,34.3
117.0,102.9,102.5,103.5,364.1,114.0,55.2,20.1
100.4,89.9,93.5,92.7,,,49.1,27.3
203.7,84.6,83.8,83.4,364.6,,99.0,12.3
131.0,103.3,101.9,101.7,369.7,126.2,,8.8
192.7,78.0,77.7,78.6,351.8,195.5,95.0,14.2
151.0,41.3,42.2,41.6,237.6,145.2,77.1,14.7
269.5,108.0,108.0,108.7,469.5,281.2,135.9,21.8
85.1,118.5,118.0,118.1,380.9,91.6,49.5,37.0
189.3,53.9,54.2,52.7,288.2,189.4,94.8,21.2
197.2,78.1,79.1,79.8,354.4,201.5,99.3,41.2
107.5,112.8,110.8,112.4,376.7,99.3,50.2,27.9
220.9,140.9,140.1,141.1,514.1,233.5,119.0,
167.0,100.5,101.4,100.4,387.4,164.0,86.1,34.9
131.3,85.9,85.7,85.4,329.1,130.7,66.3,6.4
107.0,96.2,96.2,96.3,336.1,97.7,46.2,24.1
127.8,127.4,127.0,127.5,428.8,130.2,65.3,
246.0,86.9,,87.1,402.6,240.5,125.7,46.6
142.0,85.0,83.2,84.0,332.2,142.5,75.3,36.0
184.3,90.8,90.7,90.3,374.7,181.6,93.5,16.3
,81.2,80.2,80.9,303.8,95.5,50.1,18.9
112.2,101.2,,102.5,352.1,108.2,56.2,25.1
220.3,132.1,131.9,132.5,494.3,221.4,114.2,38.3
85.8,107.4,106.1,106.5,349.0,79.4,,22.7
126.7,95.0,94.9,95.0,350.2,123.0,57.4,12.3
148.8,94.8,94.4,94.2,361.0,152.1,76.3,15.9
139.9,70.5,,68.7,297.1,152.9,74.0,
149.9,118.7,116.9,117.7,415.7,152.3,73.0,38.1
169.0,98.5,98.1,98.4,379.0,164.4,80.0,
182.8,95.9,97.9,96.4,385.2,181.0,97.9,
218.7,161.3,162.8,163.9,566.3,218.9,109.8,39.8
103.7,105.8,106.1,106.0,363.2,102.0,52.1,19.3
128.3,84.6,86.5,85.0,324.3,132.8,62.7,30.1
205.5,91.9,90.2,91.5,390.4,206.6,97.8,49.8
206.2,122.8,123.4,123.0,461.4,210.7,102.9,24.5
82.5,101.9,101.5,102.3,340.4,80.9,,30.0
153.2,69.5,70.7,71.2,307.7,,80.9,12.9
60.3,117.4,117.6,118.4,364.4,59.5,31.5,22.1
145.7,87.1,85.9,86.6,342.9,140.8,72.6,22.4
263.6,139.2,140.2,137.5,529.4,274.5,135.5,29.5
113.4,121.5,122.4,121.6,402.5,104.3,56.3,49.8
103.8,91.4,92.2,91.1,326.8,100.1,48.2,18.3
201.0,126.6,126.1,125.6,470.9,197.9,103.2,34.4
73.5,100.5,99.8,101.4,330.3,,44.3,2.2
126.9,,117.5,117.1,405.4,135.9,62.6,29.6
184.7,109.0,110.8,109.7,422.4,192.2,93.8,37.5
109.8,83.9,82.2,83.1,311.1,108.1,48.7,
131.8,87.3,88.1,87.1,333.3,143.9,75.5,0.0
197.5,120.9,121.3,120.6,450.7,199.3,99.6,27.1
,92.5,95.2,93.3,369.6,172.6,79.6,
159.3,92.6,91.5,91.9,359.0,160.2,81.2,30.2
123.5,83.0,79.8,80.9,314.6,123.3,60.0,40.8
172.7,107.5,108.1,108.5,411.2,171.4,81.3,21.8
164.4,140.9,142.7,141.3,479.3,163.4,86.7,20.4
162.2,78.9,76.8,78.6,331.7,165.2,82.9,
,,98.4,100.5,358.1,127.2,62.7,24.9
155.0,127.7,128.3,128.2,445.0,154.8,76.2,32.0
99.7,,98.0,98.4,,107.2,49.1,16.6
152.8,110.4,109.1,109.0,398.5,138.0,65.1,32.7
98.8,79.5,79.7,78.8,294.2,101.3,54.5,24.4
98.6,106.8,108.0,108.6,363.1,102.2,49.7,23.6
161.1,95.6,94.4,96.3,373.6,166.8,83.5,14.7
170.5,121.3,121.8,119.7,434.1,170.2,79.0,21.9
201.0,125.2,122.8,123.7,462.4,202.0,97.1,3.8
154.3,152.7,150.7,151.8,500.0,159.2,81.4,32.4
176.2,111.4,112.7,111.6,420.2,183.7,93.0,26.3
180.8,,106.1,106.5,410.2,179.3,94.9,27.4
174.2,,103.8,,399.0,175.5,91.8,30.0
,94.1,93.4,92.9,334.9,113.6,56.1,25.6
160.9,105.9,107.9,106.8,398.1,150.3,76.6,23.8
165.3,93.3,93.8,94.1,372.6,161.8,80.0,24.1
152.0,104.4,104.9,103.4,385.7,159.3,85.8,10.2
58.9,126.3,124.2,,378.4,64.4,35.6,18.1
148.0,81.2,80.6,79.9,329.5,150.6,75.8,
272.0,122.1,122.0,122.8,501.8,269.8,135.5,22.7
145.2,126.3,127.7,126.3,434.0,140.8,74.7,35.3
112.4,96.7,97.8,97.6,347.2,109.4,56.5,15.8
147.4,57.6,56.9,57.6,273.0,155.1,82.2,20.8
159.5,86.4,88.5,87.8,352.2,156.4,71.6,
222.6,125.5,126.8,125.9,,223.1,112.9,36.4
86.9,98.1,100.2,99.5,338.2,83.1,40.0,30.9
176.6,80.7,79.0,80.0,343.9,180.8,95.7,29.1
174.5,90.6,89.4,89.9,365.4,171.8,90.5,2.2
151.3,115.1,116.8,116.8,412.9,150.8,75.5,37.6
172.4,112.3,110.9,110.9,415.1,164.0,86.6,41.0
199.1,97.7,96.0,,,191.0,100.9,19.9
189.9,92.7,90.6,,382.4,189.9,95.2,26.5
88.9,91.5,92.5,92.2,317.7,82.3,48.6,12.0
181.8,84.4,81.3,81.6,348.3,192.3,96.1,
162.9,131.0,131.5,132.3,459.5,152.6,75.7,20.6
150.4,,92.8,93.6,363.0,146.4,,17.7
165.8,124.5,124.1,124.3,439.7,165.9,81.9,23.4
157.7,131.8,126.8,130.4,454.5,155.9,78.2,18.1
219.6,120.3,119.3,120.0,464.3,214.1,111.3,
141.5,90.9,90.5,91.4,349.4,136.7,68.4,22.4
98.1,107.1,108.6,108.1,361.8,93.1,41.5,15.4
130.1,99.2,98.7,99.5,359.0,128.7,,28.4
149.9,80.9,81.7,81.9,334.1,159.7,77.7,28.5
214.7,106.5,108.0,106.5,427.6,215.1,110.1,50.2
168.4,75.9,77.4,76.4,328.9,174.3,89.2,
119.4,122.3,124.7,123.8,414.0,121.9,65.4,
269.6,92.0,90.2,90.7,421.5,275.2,140.3,19.9
165.3,103.5,104.6,104.0,390.4,151.3,78.9,27.5
216.6,104.4,105.4,105.7,427.8,215.1,105.5,29.7
139.8,94.7,94.6,94.8,357.3,146.3,75.6,17.7
182.5,111.8,112.1,111.7,423.1,179.6,95.7,34.0
187.2,88.8,89.9,90.5,373.9,196.0,95.9,9.7
219.6,117.8,118.9,117.4,463.0,227.0,118.9,25.7
189.4,72.0,72.9,73.1,334.6,187.1,91.9,27.3
194.9,104.2,103.1,102.5,407.9,192.4,93.6,22.5
153.6,139.3,140.2,138.8,466.9,148.5,75.2,26.3
111.4,79.6,81.0,80.0,305.0,108.3,56.3,18.9
159.9,85.7,85.0,86.4,350.0,153.7,79.6,14.1
201.8,110.2,110.7,110.3,432.6,203.9,99.1,38.4
140.7,104.2,104.4,103.6,375.1,133.4,68.0,13.6
206.8,107.0,107.9,107.0,425.1,209.8,102.9,29.4
227.5,109.6,108.7,109.8,445.3,230.6,110.9,31.4
110.5,112.8,112.0,112.7,382.3,102.2,48.3,14.6
119.3,121.6,123.2,122.2,408.6,127.0,61.3,26.2
147.1,107.9,107.4,108.2,393.5,149.7,76.4,
163.0,93.1,94.9,95.2,,166.7,86.8,37.4
130.5,114.4,115.0,,398.4,126.7,58.9,13.5
236.6,138.3,137.9,138.0,518.3,239.7,120.9,24.4
169.9,96.6,96.6,97.3,377.7,,84.2,11.6
,82.4,79.6,80.5,322.9,,72.7,7.6
89.3,122.2,122.5,122.1,388.5,99.3,47.8,
83.0,96.6,96.3,97.6,330.1,83.2,38.5,26.9
142.3,57.4,56.3,56.5,266.0,148.0,76.4,19.7
51.8,117.3,117.3,116.9,355.4,53.3,24.9,16.2
195.3,89.7,,89.3,378.1,198.2,98.2,33.0
141.2,97.8,98.9,98.2,365.2,132.8,59.8,15.0
315.5,107.1,,106.6,490.5,317.4,161.5,37.5
267.3,103.5,105.0,103.8,452.2,263.6,134.3,18.9
148.0,114.7,113.9,114.2,408.5,143.8,71.9,19.0
140.3,89.4,90.1,91.3,346.9,149.0,69.9,29.9
204.9,,110.1,110.3,431.3,,105.5,35.2
,96.5,96.2,94.8,413.4,227.6,,31.6
75.5,114.0,114.9,114.8,365.0,73.7,35.5,12.8
66.8,111.7,112.3,112.3,353.9,60.3,37.1,18.2
109.5,80.8,82.9,81.3,,116.7,56.2,21.8
190.0,120.5,120.3,121.7,449.0,186.5,95.5,19.0
169.5,87.1,88.0,89.3,360.8,172.1,87.8,36.7
211.6,115.9,114.5,116.2,447.0,,110.4,3.3
93.7,107.5,107.7,107.3,357.6,91.2,46.4,15.1
52.6,136.7,136.9,136.8,403.7,55.3,28.8,20.1
190.7,95.4,,95.5,386.4,,93.6,0.0
105.1,93.1,93.3,93.0,334.0,117.3,58.5,7.7
48.9,100.6,99.2,99.6,316.2,53.6,31.3,27.1
154.2,93.7,93.9,93.9,360.7,153.2,72.7,23.3
197.7,115.4,116.1,116.0,443.7,193.8,100.0,42.9
127.7,67.4,66.0,67.7,285.2,127.1,66.0,34.7
116.6,79.5,81.6,78.9,306.6,114.9,59.5,24.7
131.4,80.1,79.2,78.6,313.1,141.2,73.9,23.8
141.0,118.4,119.2,119.0,415.9,134.9,67.2,26.5
99.7,134.3,134.8,134.2,426.1,100.4,44.6,0.0
113.2,98.2,98.6,97.9,346.5,113.1,56.3,
174.4,95.6,96.5,,379.1,173.8,,25.0
166.8,,100.8,101.4,385.4,166.3,80.9,30.4
170.0,121.8,123.8,123.2,441.6,169.4,81.0,30.0
91.0,79.7,81.8,81.5,296.6,95.4,46.3,10.9
143.3,105.1,104.0,104.8,383.6,146.3,71.4,33.6
50.9,119.1,120.9,119.5,,53.0,19.4,37.9
163.9,110.2,110.3,110.0,,148.7,,34.6
223.3,103.8,104.5,,426.6,224.8,119.1,36.2
86.3,119.0,121.4,120.0,385.9,78.0,40.8,18.7
93.7,45.9,46.0,45.9,213.2,96.9,47.9,26.4
173.2,112.3,113.9,113.6,420.7,180.6,90.1,27.5
206.1,88.3,87.7,86.9,376.2,201.5,99.5,28.9
109.3,62.0,62.7,,264.8,108.0,54.3,21.9
120.5,110.0,110.3,110.2,380.4,117.5,58.6,22.8
65.3,126.4,127.6,127.5,390.5,71.5,33.2,
153.8,97.8,96.3,97.3,372.5,154.3,,22.8
261.6,118.7,121.4,119.1,485.8,270.2,130.7,39.2
180.0,131.7,,132.2,468.3,182.1,93.2,24.0
162.0,127.2,125.0,126.3,443.1,163.2,81.3,36.1
182.5,132.8,134.1,132.8,468.8,182.8,97.1,35.8
156.9,115.4,115.6,114.8,412.5,161.0,81.5,22.6
110.1,100.5,100.5,101.5,,101.4,49.6,36.6
175.1,66.6,68.6,68.0,315.1,175.5,87.0,17.2
158.8,95.2,96.5,95.1,369.1,,79.3,38.6
142.4,82.8,83.1,83.1,330.1,146.0,69.6,25.8
122.9,144.0,146.0,143.4,463.0,122.0,58.7,28.0
213.4,96.4,94.8,96.5,404.8,,98.7,16.4
184.5,102.7,103.2,102.5,403.0,184.5,89.5,24.3
127.9,109.4,112.2,111.0,383.7,122.5,61.5,22.1
200.5,102.8,101.8,100.9,400.1,190.9,96.3,12.4
142.1,133.7,133.7,133.9,450.4,145.7,66.9,25.3
104.7,88.2,87.3,87.5,315.9,107.6,53.4,12.8
114.0,103.1,104.3,,,116.3,59.9,29.0
54.0,85.5,86.0,85.2,282.0,60.5,29.8,32.2
160.4,72.3,74.2,73.6,322.0,,76.6,8.8
52.3,88.2,88.8,87.8,288.6,45.1,,36.6
88.2,98.9,98.2,99.3,336.4,87.8,42.3,20.5
41.9,91.4,91.2,91.4,291.7,40.2,18.2,9.8
138.8,86.8,85.2,86.2,336.6,134.6,67.8,29.4
128.4,70.6,71.5,71.9,294.7,128.0,70.9,15.3
,97.7,99.4,98.3,362.8,129.7,62.6,22.3
82.8,70.4,70.0,69.9,261.9,73.6,35.9,14.1
99.0,117.3,117.8,115.2,381.5,96.8,48.2,15.9
174.0,101.5,101.8,101.6,390.2,168.3,82.1,31.7
107.9,71.4,,70.8,281.8,109.1,57.8,16.2
162.7,93.7,93.9,93.8,368.5,159.4,72.6,9.1
98.2,86.9,84.3,85.0,312.5,103.8,50.3,26.1
162.2,104.6,106.3,106.4,393.7,170.2,87.6,12.6
228.6,126.9,,126.8,484.0,232.0,115.1,17.7
160.6,,,62.5,294.4,152.8,74.0,31.6
130.5,99.8,101.5,102.3,368.6,138.0,70.3,11.5
161.3,97.1,95.9,96.8,374.6,169.2,87.3,
144.7,113.6,113.0,113.4,401.5,144.8,73.0,31.3
152.5,104.0,104.3,104.3,385.3,159.1,77.2,21.2
126.2,84.9,86.2,85.0,327.9,123.4,63.1,
138.6,96.7,92.3,93.6,353.9,129.3,63.4,19.5
152.6,83.8,83.8,84.1,339.8,148.8,76.6,24.3
111.1,122.0,121.7,121.5,402.2,119.7,64.3,17.6
99.4,99.8,98.6,100.4,343.0,91.9,38.2,36.9
99.6,138.3,137.2,138.0,436.0,99.6,50.1,12.0
69.4,98.5,98.1,98.8,324.7,69.6,29.6,25.7
82.1,85.4,85.0,85.8,305.4,79.5,47.1,
142.8,71.5,69.9,69.7,298.1,140.6,68.9,12.3
87.3,65.1,63.8,63.9,254.6,87.7,46.1,7.5
159.8,68.5,67.8,68.3,,157.0,78.4,30.4
154.4,103.0,105.8,105.3,389.8,147.3,71.2,14.6
56.7,109.8,111.9,110.2,344.8,57.8,26.1,16.2
,71.1,70.0,68.4,307.6,172.3,90.9,29.3
199.5,117.7,116.0,117.9,446.2,203.8,104.8,27.7
95.5,,90.9,90.3,318.8,91.5,51.6,3.0
172.5,104.4,102.8,102.9,394.4,,83.3,42.2
123.3,132.5,132.4,132.2,435.6,121.9,61.8,21.5
163.9,117.1,117.5,117.9,427.4,171.7,85.1,22.3
84.1,92.2,,94.6,,87.3,42.8,23.6
51.4,82.9,82.3,82.2,274.6,54.9,24.3,25.0
109.3,,56.4,57.0,249.4,113.7,57.1,37.1
136.6,85.8,84.7,,333.2,138.7,67.0,5.1
128.0,94.5,95.3,95.8,,128.6,65.6,30.7
80.9,80.0,80.5,80.3,289.3,84.2,42.6,26.9
128.7,97.4,98.0,97.4,356.7,126.0,63.8,21.5
164.2,101.8,102.4,101.5,388.1,157.1,83.6,32.3
145.5,94.4,95.0,95.5,359.8,149.1,74.4,32.3
152.6,88.2,87.3,87.0,345.5,158.8,81.7,8.5
118.2,102.8,104.3,103.4,363.4,112.6,62.5,40.7
213.0,107.2,110.0,108.8,430.1,217.1,112.5,10.9
80.3,78.1,78.1,78.2,278.5,88.7,47.8,7.6
188.5,128.3,128.0,128.2,463.2,188.5,93.3,25.5
208.1,98.2,98.2,98.0,406.3,204.0,102.7,44.6
,101.7,99.2,100.4,389.5,174.8,83.5,21.4
147.0,113.9,114.0,114.2,404.3,144.2,73.6,24.9
125.9,104.5,105.4,104.7,369.9,122.8,62.2,37.8
211.3,118.0,119.7,119.1,455.4,213.5,106.8,24.8
81.7,106.6,105.5,105.7,347.1,73.7,39.9,10.6
95.4,87.9,88.0,,317.8,88.2,40.5,16.7
133.7,,106.4,107.2,384.2,133.8,71.8,37.9
200.4,75.2,77.8,77.1,353.0,200.3,102.8,23.4
170.1,103.6,102.1,102.2,394.9,171.8,85.7,44.1
101.3,98.1,99.1,99.3,341.8,110.7,54.9,29.5
132.4,95.2,95.5,95.8,,132.9,67.9,16.2
118.0,97.8,97.4,97.4,347.6,121.0,65.1,22.9
95.7,61.2,61.9,62.4,256.3,90.8,45.7,9.3
193.5,87.5,89.7,89.0,373.8,197.3,99.1,
82.3,99.7,101.5,101.9,335.6,79.7,39.9,66.6
232.0,103.9,104.8,103.2,431.2,232.4,121.5,36.7
181.1,78.9,80.9,79.4,344.8,,89.2,30.9
217.2,128.2,124.4,125.3,476.2,222.4,111.1,22.6
118.2,81.7,82.7,82.7,315.4,111.7,60.2,36.5
152.2,118.5,118.7,,419.9,140.8,70.8,37.0
82.6,108.0,108.2,108.5,355.8,81.5,44.2,41.6
117.3,87.3,89.1,87.1,323.9,119.6,57.1,39.5
192.4,135.0,135.2,135.5,483.4,193.2,96.0,
202.9,76.7,76.5,76.1,352.2,209.1,109.0,11.5
103.8,117.4,118.9,118.4,389.0,106.0,,14.4
141.7,118.6,119.0,120.0,415.5,138.9,69.0,16.3
135.7,,85.7,86.6,335.5,,62.8,25.0
94.1,125.6,126.6,,404.5,92.9,43.5,19.6
177.1,94.5,94.1,95.0,378.5,182.2,89.9,44.7
116.7,105.5,102.9,105.8,369.5,114.7,57.7,42.5
142.8,104.6,105.8,105.2,386.9,142.9,71.6,24.3
126.1,98.6,99.4,97.3,356.0,128.2,67.9,42.4
118.6,117.4,116.4,116.2,395.6,113.5,61.4,39.7
157.6,115.5,114.5,115.9,417.7,160.7,77.8,21.4
121.7,63.2,64.4,65.0,273.1,129.9,65.3,0.0
144.5,125.5,125.6,126.1,433.0,143.6,73.8,24.5
97.0,66.2,65.7,66.8,264.7,91.4,50.2,11.8
176.3,120.0,121.5,120.7,439.8,176.0,90.1,29.1
243.9,121.8,123.3,122.5,484.4,232.8,117.3,30.1
146.1,77.5,77.0,78.2,,147.8,75.9,21.7
195.7,91.4,92.5,91.8,382.4,198.0,101.0,29.4
69.4,77.3,79.4,77.9,274.7,77.8,36.1,6.6
155.7,,97.6,95.7,366.0,154.7,77.9,27.4
92.1,94.2,96.7,93.8,325.4,94.1,51.4,16.9
84.0,114.7,114.7,115.6,374.5,79.7,39.2,25.7
126.1,127.5,129.0,126.2,423.4,124.3,62.5,35.7
223.6,126.9,127.6,127.9,484.4,216.0,107.3,
191.9,87.1,88.2,88.8,377.0,190.9,88.5,21.0
160.1,96.2,96.1,95.8,368.6,158.6,79.3,22.2
56.5,65.5,65.7,66.3,237.3,58.0,29.9,11.7
132.1,84.2,84.3,83.9,329.9,129.0,63.0,30.5
174.7,116.9,118.0,119.3,434.5,175.1,84.1,19.5
174.9,133.7,132.1,132.3,465.8,173.2,84.0,22.7
45.5,76.0,76.6,75.3,252.1,43.8,24.2,10.5
99.6,86.7,88.1,88.2,317.3,100.0,55.9,31.8
146.5,98.0,99.6,99.5,372.3,146.7,77.5,18.7
,107.3,106.1,105.6,404.3,183.4,87.7,29.8
32.1,83.1,85.0,83.8,265.8,31.5,18.3,38.0
146.1,107.6,106.8,,391.6,144.4,70.2,23.8
152.4,88.3,91.1,90.5,354.0,151.5,74.0,33.8
192.3,99.4,99.4,99.7,397.4,188.7,93.0,41.6
190.1,110.7,111.1,110.9,427.2,188.3,96.3,36.6
179.2,100.8,101.2,100.1,394.9,189.4,97.6,24.6
105.6,89.9,90.1,91.3,326.7,101.0,50.2,27.8
53.5,96.3,96.8,97.8,311.0,52.1,25.8,7.7
129.5,,96.3,98.2,358.3,127.6,65.2,15.1
196.4,93.6,92.1,92.6,384.2,195.2,99.3,18.2
217.1,93.3,96.2,94.8,401.8,215.4,111.3,47.5
201.5,133.1,131.9,132.0,480.8,202.9,97.6,20.9
177.1,111.3,109.9,111.2,420.8,168.5,84.3,17.8
166.0,95.2,93.6,94.1,372.9,171.2,82.4,13.2
129.2,113.9,112.5,113.9,397.0,132.4,66.0,30.4
140.2,90.8,92.2,93.3,353.3,134.0,66.3,24.1
245.2,123.3,123.9,123.5,485.0,233.9,116.8,40.1
106.6,108.5,106.2,107.4,366.5,101.7,48.5,
229.7,97.0,99.0,97.9,419.5,228.5,109.8,12.2
138.4,108.6,108.9,109.0,386.4,,69.4,16.2
200.6,68.4,68.7,68.6,332.7,203.3,101.3,35.3
68.4,74.6,77.2,77.5,276.8,59.4,28.4,16.8
167.4,77.8,76.9,76.1,332.0,164.0,79.9,33.5
114.6,102.0,103.6,102.9,363.1,114.3,61.1,21.7
96.6,135.2,135.0,,425.0,97.9,46.4,16.6
183.2,144.5,145.2,144.6,501.8,176.6,92.6,27.1
206.9,114.0,112.5,112.8,438.0,206.2,108.0,17.2
112.8,110.4,110.6,110.0,,109.2,48.8,18.2
57.0,63.7,63.6,64.0,235.8,51.5,26.0,18.8
140.0,88.3,89.1,,343.8,141.3,69.4,27.3
137.8,85.0,84.0,84.2,333.5,141.7,62.1,5.8
171.2,85.7,87.1,87.6,356.9,175.4,,22.7
195.8,97.3,95.9,96.6,394.4,198.7,101.7,18.9
142.3,89.5,91.0,90.6,348.1,139.8,,15.9
223.0,61.7,61.7,60.4,324.1,226.6,116.0,22.5
168.7,115.1,,115.0,421.9,170.2,86.1,20.6
122.0,79.2,77.3,,304.4,122.7,61.3,34.0
71.8,104.9,106.1,104.8,,68.7,39.4,34.0
157.6,139.7,141.2,141.5,476.6,155.1,84.0,40.6
124.0,80.8,82.2,81.6,314.9,124.4,60.4,15.8
172.7,50.1,48.5,49.4,268.2,184.9,86.4,8.8
170.3,94.4,94.4,94.3,373.3,171.8,79.6,24.5
102.0,123.2,122.3,122.0,399.7,98.9,53.4,23.5
178.2,139.6,137.7,139.2,485.1,174.0,86.9,23.2
171.3,74.4,76.0,75.4,328.3,,85.0,9.7
231.4,109.1,111.3,109.9,445.3,242.3,115.8,
189.7,90.8,90.5,90.7,378.3,187.7,91.6,19.9
187.0,95.6,99.2,97.9,390.1,191.5,94.9,31.4
179.4,154.6,152.7,152.9,517.6,177.5,89.4,37.5
154.4,70.4,70.8,69.9,307.4,155.7,76.7,31.4
215.0,106.3,102.9,105.1,426.8,219.0,106.4,13.7
88.0,,111.8,109.4,,85.1,40.2,
143.4,123.0,123.2,121.7,420.0,140.2,73.7,18.7
112.4,104.2,101.7,102.0,353.8,120.7,61.1,10.5
172.0,104.8,104.2,106.2,401.1,176.9,90.3,20.8
207.6,92.9,92.5,92.2,395.0,211.6,103.1,35.4
122.8,105.4,103.9,105.4,375.3,126.7,54.5,20.0
27.1,91.6,93.6,93.1,288.3,29.4,13.1,35.1
135.6,112.9,,112.4,395.4,145.7,70.2,30.3
192.0,93.4,91.7,92.6,379.5,192.2,97.2,20.0
180.7,106.9,108.7,107.5,,183.6,101.7,36.9
171.1,100.6,100.2,99.4,385.5,163.8,84.0,28.7
147.3,120.9,123.5,122.5,425.4,143.2,79.8,16.9
85.5,97.5,99.0,99.0,336.1,79.5,41.5,40.4
158.0,64.7,,64.5,298.2,164.4,80.3,22.5
120.9,125.3,126.2,125.2,417.4,108.1,55.1,26.1
250.1,81.2,81.6,81.9,390.5,248.1,129.4,16.0
172.0,87.7,85.5,86.9,355.7,157.0,84.0,34.6
115.0,88.6,89.4,88.1,326.7,110.8,53.7,26.5
133.2,128.3,129.6,127.5,431.3,130.7,66.1,32.9
124.0,57.2,,57.3,259.8,130.9,61.2,12.9
,163.4,164.9,162.8,532.3,171.4,88.2,40.0
216.4,120.7,,121.1,465.6,,110.8,37.4
,106.5,104.1,104.5,393.9,166.9,83.6,18.0
112.9,98.1,98.3,98.9,347.7,113.0,54.5,8.2
247.4,107.8,107.3,105.7,446.0,247.6,124.9,33.1
157.7,110.5,109.6,110.4,405.4,,77.1,9.5
,111.5,113.6,112.9,431.4,189.9,95.2,28.1
125.1,112.5,110.6,111.1,389.8,121.0,61.0,20.0
169.1,101.9,101.3,101.8,391.7,169.3,84.1,36.8
163.6,96.9,97.1,96.1,373.2,164.0,85.0,19.7
54.0,98.2,96.6,97.0,310.6,61.7,33.1,31.6
248.8,96.4,95.7,96.1,425.3,250.7,122.4,21.1
225.9,122.1,123.8,122.7,472.2,212.4,,38.6
136.1,112.8,113.5,111.9,393.1,137.4,67.9,45.3
,41.2,41.8,41.2,187.5,58.2,31.3,3.7
173.9,113.8,112.5,113.1,422.1,169.1,85.0,29.0
156.3,101.7,103.4,103.9,388.5,152.2,74.2,51.9
167.6,100.1,99.7,99.6,387.8,164.3,82.9,25.1
155.7,91.6,92.6,92.2,358.9,148.8,73.4,23.6
186.6,124.1,121.5,122.5,453.6,187.6,96.5,35.6
231.8,119.6,119.7,119.0,467.1,224.7,113.4,28.8
170.7,84.8,84.6,84.5,349.1,172.5,,5.4
101.6,108.6,106.4,108.1,361.6,112.8,57.1,34.4
208.4,79.6,79.6,80.6,363.1,201.8,104.8,3.1
218.2,74.0,71.9,72.4,350.6,216.8,106.7,18.4
301.3,89.5,87.4,87.5,438.0,288.7,145.5,39.0
102.4,117.6,119.1,117.2,387.7,100.9,,20.8
171.7,120.7,119.3,119.1,430.9,174.9,88.7,19.6
51.0,109.7,109.4,110.3,338.7,54.6,25.3,30.7
184.9,113.7,114.7,114.5,429.1,185.3,93.0,17.9
127.8,110.4,110.0,110.3,382.4,132.2,69.4,11.9
239.8,87.6,87.5,87.2,,252.5,123.5,27.6
115.6,108.2,109.2,108.6,373.0,124.2,58.1,21.8
73.5,116.5,117.2,116.0,369.8,70.9,31.6,
134.0,115.4,115.1,115.1,401.3,126.7,59.9,31.4
63.1,122.8,125.4,123.8,379.9,,32.3,28.6
194.6,114.7,115.1,114.2,432.3,189.9,90.7,23.0
50.3,107.9,106.3,107.0,334.3,,25.4,18.8
162.1,121.6,123.6,121.4,435.3,156.2,80.0,31.5
45.8,100.6,99.8,99.5,307.6,45.4,24.0,32.3
125.2,81.1,81.5,82.4,316.8,129.4,63.5,18.0
230.5,97.2,98.4,96.7,416.9,230.0,115.6,32.4
160.6,83.9,87.2,85.1,347.4,155.9,78.3,28.0
